Car Make,Car Model,Year,Engine Size (L),Horsepower,Torque (lb-ft),0-60 MPH Time (seconds),Price (in USD),Engine Type,Engine Size Numeric,Horsepower Numeric,Torque Numeric,0-60 MPH Time Numeric,Price Numeric
Porsche,911,2022,3,379,331,4,"101,200",Combustion,3.0,379.0,331.0,4.0,101200
Lamborghini,Huracan,2021,5.2,630,443,2.8,"274,390",Combustion,5.2,630.0,443.0,2.8,274390
Ferrari,488 GTB,2022,3.9,661,561,3,"333,750",Combustion,3.9,661.0,561.0,3.0,333750
Audi,R8,2022,5.2,562,406,3.2,"142,700",Combustion,5.2,562.0,406.0,3.2,142700
McLaren,720S,2021,4,710,568,2.7,"298,000",Combustion,4.0,710.0,568.0,2.7,298000
BMW,M8,2022,4.4,617,553,3.1,"130,000",Combustion,4.4,617.0,553.0,3.1,130000
Mercedes-Benz,AMG GT,2021,4,523,494,3.8,"118,500",Combustion,4.0,523.0,494.0,3.8,118500
Chevrolet,Corvette,2021,6.2,490,465,2.8,"59,900",Combustion,6.2,490.0,465.0,2.8,59900
Ford,Mustang Shelby GT500,2022,5.2,760,625,3.5,"81,000",Combustion,5.2,760.0,625.0,3.5,81000
Nissan,GT-R Nismo,2021,3.8,600,481,2.5,"212,000",Combustion,3.8,600.0,481.0,2.5,212000
Aston Martin,DB11,2021,5.2,630,516,3.5,"201,495",Combustion,5.2,630.0,516.0,3.5,201495
Bugatti,Chiron,2021,8,1500,1180,2.4,"3,000,000",Combustion,8.0,1500.0,1180.0,2.4,3000000
Dodge,Challenger SRT Hellcat,2022,6.2,717,656,3.5,"61,000",Combustion,6.2,717.0,656.0,3.5,61000
Jaguar,F-Type,2022,3,296,295,5.4,"70,100",Combustion,3.0,296.0,295.0,5.4,70100
Koenigsegg,Jesko,2021,5,1280,1015,2.5,"2,800,000",Combustion,5.0,1280.0,1015.0,2.5,2800000
Lexus,LC 500,2021,5,471,398,4.4,"92,950",Combustion,5.0,471.0,398.0,4.4,92950
Lotus,Evora GT,2021,3.5,416,317,3.8,"104,450",Combustion,3.5,416.0,317.0,3.8,104450
Maserati,GranTurismo,2021,4.7,454,384,4.8,"150,000",Combustion,4.7,454.0,384.0,4.8,150000
Porsche,Boxster,2021,2,300,280,4.7,"62,000",Combustion,2.0,300.0,280.0,4.7,62000
Alfa Romeo,Giulia Quadrifoglio,2022,2.9,505,443,3.8,"78,000",Combustion,2.9,505.0,443.0,3.8,78000
Ariel,Atom,2021,2,320,243,2.8,"75,000",Combustion,2.0,320.0,243.0,2.8,75000
Bentley,Continental GT,2021,6,626,664,3.6,"225,000",Combustion,6.0,626.0,664.0,3.6,225000
McLaren,Artura,2022,3,671,531,3,"225,000",Combustion,3.0,671.0,531.0,3.0,225000
Mercedes-AMG,SLS AMG,2021,6.2,622,468,3.5,"248,000",Combustion,6.2,622.0,468.0,3.5,248000
Pagani,Huayra,2021,6,720,737,2.8,"2,800,000",Combustion,6.0,720.0,737.0,2.8,2800000
Polestar,1,2021,2,600,738,4.1,"155,000",Combustion,2.0,600.0,738.0,4.1,155000
Rimac,Nevera,2022,Electric,1914,1696,1.85,"2,400,000",Electric,,1914.0,1696.0,1.85,2400000
Porsche,Cayman GT4,2022,4,414,309,3.8,"100,200",Combustion,4.0,414.0,309.0,3.8,100200
Lamborghini,Aventador SVJ,2021,6.5,759,531,2.8,"517,770",Combustion,6.5,759.0,531.0,2.8,517770
Ferrari,SF90 Stradale,2021,4,986,590,2.5,"625,000",Combustion,4.0,986.0,590.0,2.5,625000
Audi,RS7,2022,4,591,590,3.5,"117,000",Combustion,4.0,591.0,590.0,3.5,117000
McLaren,Artura,2021,3,671,531,3,"225,000",Combustion,3.0,671.0,531.0,3.0,225000
BMW,M4,2022,3,503,479,3.8,"72,800",Combustion,3.0,503.0,479.0,3.8,72800
Mercedes-Benz,SLS AMG,2015,6.2,622,468,3.2,"222,000",Combustion,6.2,622.0,468.0,3.2,222000
Chevrolet,Camaro ZL1,2021,6.2,650,650,3.5,"64,695",Combustion,6.2,650.0,650.0,3.5,64695
Ford,GT,2022,3.5,660,550,3,"500,000",Combustion,3.5,660.0,550.0,3.0,500000
Nissan,370Z Nismo,2021,3.7,350,276,4.5,"45,690",Combustion,3.7,350.0,276.0,4.5,45690
Porsche,Taycan 4S,2022,Electric Motor,562,479,3.8,"104,000",Electric,,562.0,479.0,3.8,104000
Lamborghini,Urus,2021,4,641,626,3.5,"218,000",Combustion,4.0,641.0,626.0,3.5,218000
Ferrari,Roma,2021,3.9,611,561,3.3,"222,000",Combustion,3.9,611.0,561.0,3.3,222000
Audi,RS3,2022,2.5,394,369,3.9,"57,000",Combustion,2.5,394.0,369.0,3.9,57000
McLaren,GT,2021,4,612,465,3.1,"210,000",Combustion,4.0,612.0,465.0,3.1,210000
BMW,i8,2020,1.5 + Electric,369,420,4.2,"148,500",Hybrid,1.5,369.0,420.0,4.2,148500
Mercedes-Benz,CLS63 AMG,2019,4,603,627,3.4,"132,000",Combustion,4.0,603.0,627.0,3.4,132000
Porsche,Cayman,2021,2,300,280,5.1,"58,900",Combustion,2.0,300.0,280.0,5.1,58900
Lamborghini,Aventador SVJ,2021,6.5,759,531,2.8,"518,000",Combustion,6.5,759.0,531.0,2.8,518000
Ferrari,SF90 Stradale,2021,4,986,590,2.5,"625,000",Combustion,4.0,986.0,590.0,2.5,625000
Audi,RS3,2022,2.5,394,369,3.9,"56,200",Combustion,2.5,394.0,369.0,3.9,56200
McLaren,570S,2021,3.8,562,443,2.8,"192,500",Combustion,3.8,562.0,443.0,2.8,192500
BMW,M4,2022,3,503,479,3.8,"71,800",Combustion,3.0,503.0,479.0,3.8,71800
Mercedes-Benz,AMG C63,2021,4,503,516,3.8,"68,000",Combustion,4.0,503.0,516.0,3.8,68000
Chevrolet,Camaro SS,2021,6.2,455,455,4.1,"42,500",Combustion,6.2,455.0,455.0,4.1,42500
Ford,Mustang GT,2022,5,460,420,4.3,"39,000",Combustion,5.0,460.0,420.0,4.3,39000
Nissan,370Z Nismo,2021,3.7,350,276,4.8,"46,100",Combustion,3.7,350.0,276.0,4.8,46100
Aston Martin,Vantage,2021,4,503,505,3.5,"142,100",Combustion,4.0,503.0,505.0,3.5,142100
Lotus,Evora GT,2021,3.5,416,317,3.8,"105,000",Combustion,3.5,416.0,317.0,3.8,105000
Porsche,Panamera,2021,2.9,325,331,5.1,"87,200",Combustion,2.9,325.0,331.0,5.1,87200
Lamborghini,Urus,2021,4,641,627,3.2,"218,000",Combustion,4.0,641.0,627.0,3.2,218000
Ferrari,Roma,2021,3.9,612,560,3.4,"222,000",Combustion,3.9,612.0,560.0,3.4,222000
Audi,S5,2022,3,349,369,4.4,"52,500",Combustion,3.0,349.0,369.0,4.4,52500
McLaren,600LT,2021,3.8,592,457,2.8,"241,000",Combustion,3.8,592.0,457.0,2.8,241000
BMW,M5,2022,4.4,600,553,3.2,"103,500",Combustion,4.4,600.0,553.0,3.2,103500
Aston Martin,Vantage,2022,4,503,505,3.5,"146,000",Combustion,4.0,503.0,505.0,3.5,146000
Audi,RS5,2021,2.9,444,443,3.6,"75,400",Combustion,2.9,444.0,443.0,3.6,75400
BMW,M2,2022,3,405,406,4,"58,900",Combustion,3.0,405.0,406.0,4.0,58900
Chevrolet,Camaro SS,2021,6.2,455,455,4,"42,900",Combustion,6.2,455.0,455.0,4.0,42900
Dodge,Challenger SRT Hellcat Redeye,2022,6.2,797,707,3.4,"78,595",Combustion,6.2,797.0,707.0,3.4,78595
Ford,GT,2021,3.5,660,550,3,"500,000",Combustion,3.5,660.0,550.0,3.0,500000
Jaguar,F-Type,2022,2,296,295,5.4,"62,750",Combustion,2.0,296.0,295.0,5.4,62750
Lamborghini,Aventador,2021,6.5,770,531,2.9,"417,826",Combustion,6.5,770.0,531.0,2.9,417826
Maserati,GranTurismo,2021,4.7,454,384,4.7,"150,980",Combustion,4.7,454.0,384.0,4.7,150980
McLaren,Artura,2022,3,671,531,3,"225,000",Combustion,3.0,671.0,531.0,3.0,225000
Mercedes-Benz,C63 AMG,2021,4,503,516,3.8,"70,100",Combustion,4.0,503.0,516.0,3.8,70100
Nissan,370Z,2021,3.7,332,270,5,"30,090",Combustion,3.7,332.0,270.0,5.0,30090
Porsche,Panamera,2022,2.9,325,331,5.3,"88,700",Combustion,2.9,325.0,331.0,5.3,88700
Audi,TT RS,2021,2.5,394,354,3.6,"67,600",Combustion,2.5,394.0,354.0,3.6,67600
BMW,M4,2022,3,473,406,4.1,"72,800",Combustion,3.0,473.0,406.0,4.1,72800
Chevrolet,Corvette Stingray,2021,6.2,490,465,2.8,"59,900",Combustion,6.2,490.0,465.0,2.8,59900
Ferrari,F8 Tributo,2021,3.9,710,568,2.8,"274,280",Combustion,3.9,710.0,568.0,2.8,274280
Ford,Mustang Mach 1,2021,5,480,420,4.3,"52,915",Combustion,5.0,480.0,420.0,4.3,52915
Lamborghini,Urus,2021,4,641,627,3.6,"218,009",Combustion,4.0,641.0,627.0,3.6,218009
Porsche,718 Cayman,2022,2,300,280,4.5,"61,000",Combustion,2.0,300.0,280.0,4.5,61000
Acura,NSX,2022,3.5,573,476,2.9,"159,495",Combustion,3.5,573.0,476.0,2.9,159495
Aston Martin,Vantage,2022,4,503,505,3.5,"142,086",Combustion,4.0,503.0,505.0,3.5,142086
Bentley,Continental GT,2021,6,626,664,3.3,"219,800",Combustion,6.0,626.0,664.0,3.3,219800
Bugatti,Chiron,2022,8,1500,1180,2.4,"3,000,000",Combustion,8.0,1500.0,1180.0,2.4,3000000
Dodge,Challenger SRT Hellcat Redeye,2022,6.2,797,707,3.4,"74,290",Combustion,6.2,797.0,707.0,3.4,74290
Jaguar,F-Type,2022,3,380,339,4.9,"71,900",Combustion,3.0,380.0,339.0,4.9,71900
Koenigsegg,Jesko,2022,5,1600,1106,2.5,"3,000,000",Combustion,5.0,1600.0,1106.0,2.5,3000000
Lexus,LC 500,2022,5,471,398,4.4,"92,950",Combustion,5.0,471.0,398.0,4.4,92950
Lotus,Evora GT,2021,3.5,416,317,3.8,"105,000",Combustion,3.5,416.0,317.0,3.8,105000
Maserati,GranTurismo,2022,4.7,454,384,4.7,"134,300",Combustion,4.7,454.0,384.0,4.7,134300
Mazda,MX-5 Miata,2021,2,181,151,6.5,"26,830",Combustion,2.0,181.0,151.0,6.5,26830
McLaren,GT,2022,4,620,465,3.1,"213,195",Combustion,4.0,620.0,465.0,3.1,213195
Mercedes-Benz,SLS AMG,2015,6.2,622,468,3.7,"221,580",Combustion,6.2,622.0,468.0,3.7,221580
Pagani,Huayra,2022,6,764,738,2.8,"2,800,000",Combustion,6.0,764.0,738.0,2.8,2800000
Porsche,718 Cayman GT4,2022,4,414,309,4.2,"100,550",Combustion,4.0,414.0,309.0,4.2,100550
Rimac,Nevera,2022,Electric,1914,1696,1.95,"2,400,000",Electric,,1914.0,1696.0,1.95,2400000
Rolls-Royce,Wraith,2021,6.8,624,605,4.4,"330,000",Combustion,6.8,624.0,605.0,4.4,330000
Tesla,Roadster,2022,Electric,1000+,737,1.9,"200,000",Electric,,1000.0,737.0,1.9,200000
Toyota,Supra,2022,3,382,368,3.9,"43,090",Combustion,3.0,382.0,368.0,3.9,43090
W Motors,Fenyr Supersport,2022,3.8,800,723,2.7,"1,700,000",Combustion,3.8,800.0,723.0,2.7,1700000
Porsche,718 Cayman,2022,2,300,280,4.7,"60,500",Combustion,2.0,300.0,280.0,4.7,60500
Lamborghini,Aventador,2021,6.5,770,531,2.9,"522,000",Combustion,6.5,770.0,531.0,2.9,522000
Ferrari,SF90 Stradale,2021,4,986,590,2.5,"625,000",Combustion,4.0,986.0,590.0,2.5,625000
Audi,TT RS,2022,2.5,394,354,3.4,"67,000",Combustion,2.5,394.0,354.0,3.4,67000
McLaren,GT,2021,4,612,465,3.1,"212,500",Combustion,4.0,612.0,465.0,3.1,212500
BMW,M4,2022,3,503,479,3.8,"75,000",Combustion,3.0,503.0,479.0,3.8,75000
Mercedes-Benz,SL 63 AMG,2021,4,603,664,3.5,"155,000",Combustion,4.0,603.0,664.0,3.5,155000
Chevrolet,Camaro ZL1,2021,6.2,650,650,3.5,"64,000",Combustion,6.2,650.0,650.0,3.5,64000
Ford,GT,2022,3.5,660,550,2.8,"500,000",Combustion,3.5,660.0,550.0,2.8,500000
Nissan,370Z,2021,3.7,332,270,4.7,"31,015",Combustion,3.7,332.0,270.0,4.7,31015
Aston Martin,DBS Superleggera,2021,5.2,715,664,3.4,"304,995",Combustion,5.2,715.0,664.0,3.4,304995
Bugatti,Chiron,2021,8,1500,1180,2.4,"3,000,000",Combustion,8.0,1500.0,1180.0,2.4,3000000
Lotus,Evora GT,2021,3.5,416,317,3.8,"105,000",Combustion,3.5,416.0,317.0,3.8,105000
McLaren,570S,2021,3.8,562,443,3.2,"192,500",Combustion,3.8,562.0,443.0,3.2,192500
Porsche,Panamera Turbo S E-Hybrid,2021,4,690,642,3.2,"190,000",Combustion,4.0,690.0,642.0,3.2,190000
Lamborghini,Urus,2021,4,641,627,3.6,"222,000",Combustion,4.0,641.0,627.0,3.6,222000
Ferrari,Roma,2021,3.9,611,561,3.3,"222,000",Combustion,3.9,611.0,561.0,3.3,222000
Audi,RS7,2021,4,591,590,3.5,"115,000",Combustion,4.0,591.0,590.0,3.5,115000
BMW,M2,2022,3,405,406,4.2,"59,000",Combustion,3.0,405.0,406.0,4.2,59000
Porsche,Cayman GT4,2022,4,414,309,4.2,"102,100",Combustion,4.0,414.0,309.0,4.2,102100
Lamborghini,Aventador,2021,6.5,730,509,2.9,"417,826",Combustion,6.5,730.0,509.0,2.9,417826
Aston Martin,DBS Superleggera,2021,5.2,715,664,3.2,"304,995",Combustion,5.2,715.0,664.0,3.2,304995
Bentley,Continental GT,2021,6,626,664,3.6,"220,300",Combustion,6.0,626.0,664.0,3.6,220300
Audi,RS7,2022,4,591,590,3.5,"114,000",Combustion,4.0,591.0,590.0,3.5,114000
Mercedes-Benz,SLS AMG,2021,6.2,622,468,3.7,"239,100",Combustion,6.2,622.0,468.0,3.7,239100
McLaren,570S,2021,3.8,562,443,3.1,"192,500",Combustion,3.8,562.0,443.0,3.1,192500
BMW,M2,2022,3,405,406,4,"58,900",Combustion,3.0,405.0,406.0,4.0,58900
Chevrolet,Camaro ZL1,2021,6.2,650,650,3.5,"62,500",Combustion,6.2,650.0,650.0,3.5,62500
Dodge,Challenger SRT Hellcat,2021,6.2,717,656,3.5,"65,290",Combustion,6.2,717.0,656.0,3.5,65290
Ferrari,Portofino,2021,3.9,592,560,3.5,"219,750",Combustion,3.9,592.0,560.0,3.5,219750
Porsche,Panamera Turbo S,2022,4,620,604,2.9,"187,700",Combustion,4.0,620.0,604.0,2.9,187700
Lamborghini,Urus,2021,4,641,627,3.6,"222,004",Combustion,4.0,641.0,627.0,3.6,222004
Mercedes-Benz,AMG C63,2021,4,469,479,3.8,"71,350",Combustion,4.0,469.0,479.0,3.8,71350
Aston Martin,Vantage,2021,4,503,505,3.6,"146,000",Combustion,4.0,503.0,505.0,3.6,146000
Audi,S5,2022,3,349,369,4.4,"52,500",Combustion,3.0,349.0,369.0,4.4,52500
Porsche,Cayman,2022,2.5,365,309,4.5,"68,900",Combustion,2.5,365.0,309.0,4.5,68900
Lamborghini,Aventador,2021,6.5,730,507,2.8,"517,770",Combustion,6.5,730.0,507.0,2.8,517770
Ferrari,F8 Tributo,2022,3.9,710,568,2.9,"276,550",Combustion,3.9,710.0,568.0,2.9,276550
Audi,TT RS,2021,2.5,394,354,3.6,"67,600",Combustion,2.5,394.0,354.0,3.6,67600
McLaren,570S,2021,3.8,562,443,3.1,"192,500",Combustion,3.8,562.0,443.0,3.1,192500
BMW,Z4 M40i,2022,3,382,369,3.9,"63,700",Combustion,3.0,382.0,369.0,3.9,63700
Mercedes-Benz,SLS AMG,2015,6.2,622,468,3.7,"221,580",Combustion,6.2,622.0,468.0,3.7,221580
Chevrolet,Camaro SS,2022,6.2,455,455,4.1,"44,000",Combustion,6.2,455.0,455.0,4.1,44000
Ford,Mustang Mach 1,2021,5,480,420,4,"51,720",Combustion,5.0,480.0,420.0,4.0,51720
Nissan,370Z Nismo,2021,3.7,350,276,4.9,"45,790",Combustion,3.7,350.0,276.0,4.9,45790
Porsche,Panamera,2022,2.9,325,331,5.4,"88,550",Combustion,2.9,325.0,331.0,5.4,88550
Lamborghini,Urus,2021,4,641,627,3.5,"218,009",Combustion,4.0,641.0,627.0,3.5,218009
Ferrari,Roma,2021,3.9,612,561,3.3,"222,620",Combustion,3.9,612.0,561.0,3.3,222620
Audi,RS 3,2022,2.5,401,369,3.6,"56,200",Combustion,2.5,401.0,369.0,3.6,56200
McLaren,GT,2021,4,612,465,3.2,"200,000",Combustion,4.0,612.0,465.0,3.2,200000
BMW,M2 CS,2022,3,444,406,3.8,"84,595",Combustion,3.0,444.0,406.0,3.8,84595
Mercedes-Benz,AMG C63,2021,4,503,516,3.8,"77,500",Combustion,4.0,503.0,516.0,3.8,77500
Chevrolet,Camaro ZL1,2021,6.2,650,650,3.5,"62,500",Combustion,6.2,650.0,650.0,3.5,62500
Acura,NSX,2021,3.5,573,476,2.7,"157,500",Combustion,3.5,573.0,476.0,2.7,157500
Aston Martin,DB11,2022,4,503,513,3.7,"204,100",Combustion,4.0,503.0,513.0,3.7,204100
Bentley,Continental GT,2021,6,626,664,3.4,"220,300",Combustion,6.0,626.0,664.0,3.4,220300
Bugatti,Chiron,2021,8,1500,1180,2.4,"3,000,000",Combustion,8.0,1500.0,1180.0,2.4,3000000
Dodge,Viper,2017,8.4,645,600,3.3,"120,000",Combustion,8.4,645.0,600.0,3.3,120000
Jaguar,F-Type,2022,3,380,339,4.9,"69,900",Combustion,3.0,380.0,339.0,4.9,69900
Koenigsegg,Jesko,2022,5,1600,1106,2.5,"3,000,000",Combustion,5.0,1600.0,1106.0,2.5,3000000
Lexus,LC 500,2022,5,471,398,4.4,"92,950",Combustion,5.0,471.0,398.0,4.4,92950
Lotus,Evora GT,2021,3.5,416,317,3.8,"105,950",Combustion,3.5,416.0,317.0,3.8,105950
Maserati,GranTurismo,2020,4.7,454,384,4.8,"150,000",Combustion,4.7,454.0,384.0,4.8,150000
McLaren,570S,2020,3.8,562,443,3.1,"204,550",Combustion,3.8,562.0,443.0,3.1,204550
Pagani,Huayra,2020,6,720,738,3,"2,700,000",Combustion,6.0,720.0,738.0,3.0,2700000
Porsche,Cayman GT4,2022,4,414,309,4.2,"102,900",Combustion,4.0,414.0,309.0,4.2,102900
Rimac,C_Two,2022,,1914,1696,1.9,"2,400,000",Unknown,,1914.0,1696.0,1.9,2400000
Rolls-Royce,Wraith,2021,6.6,624,605,4.3,"330,000",Combustion,6.6,624.0,605.0,4.3,330000
Shelby,Cobra,1965,7,435,440,4.2,"1,000,000",Combustion,7.0,435.0,440.0,4.2,1000000
Tesla,Model S Plaid,2021,,1020,1050,1.98,"131,190",Unknown,,1020.0,1050.0,1.98,131190
Toyota,GR Supra,2022,3,382,368,3.9,"43,090",Combustion,3.0,382.0,368.0,3.9,43090
TVR,Griffith,2022,5,500,479,3.8,"123,500",Combustion,5.0,500.0,479.0,3.8,123500
W Motors,Lykan Hypersport,2015,3.7,780,708,2.8,"3,400,000",Combustion,3.7,780.0,708.0,2.8,3400000
Porsche,718 Cayman,2021,2,300,280,4.5,"61,500",Combustion,2.0,300.0,280.0,4.5,61500
Lamborghini,Aventador SVJ,2021,6.5,770,531,2.8,"518,000",Combustion,6.5,770.0,531.0,2.8,518000
Ferrari,SF90 Stradale,2022,4,986,590,2.5,"507,000",Combustion,4.0,986.0,590.0,2.5,507000
Audi,RS 6,2021,4,591,590,3.5,"109,000",Combustion,4.0,591.0,590.0,3.5,109000
McLaren,GT,2021,4,612,465,3.1,"210,000",Combustion,4.0,612.0,465.0,3.1,210000
BMW,M2 CS,2022,3,444,406,3.8,"84,595",Combustion,3.0,444.0,406.0,3.8,84595
Mercedes-Benz,SLS AMG,2015,6.2,622,468,3.6,"228,000",Combustion,6.2,622.0,468.0,3.6,228000
Chevrolet,Camaro SS,2021,6.2,455,455,4,"42,000",Combustion,6.2,455.0,455.0,4.0,42000
Ford,GT,2022,3.5,660,550,2.8,"500,000",Combustion,3.5,660.0,550.0,2.8,500000
Nissan,370Z Nismo,2021,3.7,350,276,5,"45,000",Combustion,3.7,350.0,276.0,5.0,45000
Porsche,Taycan,2021,Electric,750,774,2.6,"185,000",Electric,,750.0,774.0,2.6,185000
Lamborghini,Urus,2021,4,641,627,3.6,"222,004",Combustion,4.0,641.0,627.0,3.6,222004
Ferrari,F8 Tributo,2021,3.9,710,568,2.9,"276,550",Combustion,3.9,710.0,568.0,2.9,276550
Audi,RS 3,2022,2.5,401,354,3.5,"56,000",Combustion,2.5,401.0,354.0,3.5,56000
McLaren,570S,2021,3.8,562,443,3.1,"191,000",Combustion,3.8,562.0,443.0,3.1,191000
BMW,M5,2022,4.4,600,553,3.2,"104,000",Combustion,4.4,600.0,553.0,3.2,104000
Mercedes-Benz,AMG C 63,2021,4,469,479,3.9,"69,900",Combustion,4.0,469.0,479.0,3.9,69900
Chevrolet,Camaro ZL1,2021,6.2,650,650,3.5,"64,000",Combustion,6.2,650.0,650.0,3.5,64000
Porsche,Taycan,2022,2,402,254,5.1,"81,250",Combustion,2.0,402.0,254.0,5.1,81250
Lamborghini,Aventador,2021,6.5,730,509,2.9,"517,700",Combustion,6.5,730.0,509.0,2.9,517700
Aston Martin,DBS Superleggera,2022,5.2,715,663,3.4,"330,000",Combustion,5.2,715.0,663.0,3.4,330000
Audi,RS 6 Avant,2021,4,591,590,3.5,"109,000",Combustion,4.0,591.0,590.0,3.5,109000
McLaren,600LT,2021,3.8,592,457,2.8,"242,500",Combustion,3.8,592.0,457.0,2.8,242500
Mercedes-AMG,C 63 S Coupe,2022,4,503,516,3.7,"77,000",Combustion,4.0,503.0,516.0,3.7,77000
BMW,M4,2022,3,473,406,4.1,"72,800",Combustion,3.0,473.0,406.0,4.1,72800
Chevrolet,Camaro ZL1,2021,6.2,650,650,3.5,"62,000",Combustion,6.2,650.0,650.0,3.5,62000
Dodge,Challenger SRT Hellcat Redeye,2022,6.2,797,707,3.5,"76,000",Combustion,6.2,797.0,707.0,3.5,76000
Ford,GT,2022,3.5,660,550,2.9,"500,000",Combustion,3.5,660.0,550.0,2.9,500000
Nissan,370Z,2021,3.7,332,270,4.9,"30,090",Combustion,3.7,332.0,270.0,4.9,30090
Porsche,Panamera,2022,2.9,325,332,5.3,"87,200",Combustion,2.9,325.0,332.0,5.3,87200
Lamborghini,Urus,2021,4,641,626,3.5,"218,000",Combustion,4.0,641.0,626.0,3.5,218000
Bugatti,Chiron,2021,8,1500,1180,2.3,"3,000,000",Combustion,8.0,1500.0,1180.0,2.3,3000000
Ferrari,F8 Tributo,2021,3.9,710,568,2.9,"274,280",Combustion,3.9,710.0,568.0,2.9,274280
Audi,RS 7,2021,4,591,590,3.5,"114,000",Combustion,4.0,591.0,590.0,3.5,114000
McLaren,570S,2021,3.8,562,443,3.1,"191,000",Combustion,3.8,562.0,443.0,3.1,191000
Aston Martin,Vantage,2022,4,503,505,3.5,"142,086",Combustion,4.0,503.0,505.0,3.5,142086
Jaguar,F-Type,2022,5,575,516,3.5,"103,200",Combustion,5.0,575.0,516.0,3.5,103200
Porsche,Panamera Turbo S,2021,4,620,604,2.9,"177,700",Combustion,4.0,620.0,604.0,2.9,177700
Lamborghini,Aventador S,2021,6.5,729,509,2.9,"417,650",Combustion,6.5,729.0,509.0,2.9,417650
Ferrari,SF90 Stradale,2021,4,986,590,2.5,"625,000",Combustion,4.0,986.0,590.0,2.5,625000
Audi,RS7,2022,4,591,590,3.5,"115,045",Combustion,4.0,591.0,590.0,3.5,115045
McLaren,600LT,2021,3.8,592,457,2.9,"256,500",Combustion,3.8,592.0,457.0,2.9,256500
BMW,M2 Competition,2022,3,405,406,4,"59,895",Combustion,3.0,405.0,406.0,4.0,59895
Mercedes-Benz,S63 AMG,2021,4,603,664,3.4,"152,500",Combustion,4.0,603.0,664.0,3.4,152500
Chevrolet,Camaro ZL1,2021,6.2,650,650,3.5,"64,695",Combustion,6.2,650.0,650.0,3.5,64695
Dodge,Challenger SRT Hellcat,2022,6.2,717,656,3.5,"69,995",Combustion,6.2,717.0,656.0,3.5,69995
Ford,GT,2022,3.5,660,550,2.9,"500,000",Combustion,3.5,660.0,550.0,2.9,500000
Porsche,Taycan Turbo S,2021,,750,774,2.6,"185,000",Unknown,,750.0,774.0,2.6,185000
Lamborghini,Urus,2021,4,641,627,3.2,"218,009",Combustion,4.0,641.0,627.0,3.2,218009
Ferrari,812 Superfast,2021,6.5,789,530,2.9,"363,730",Combustion,6.5,789.0,530.0,2.9,363730
Audi,R8 Spyder,2022,5.2,562,406,3.5,"183,300",Combustion,5.2,562.0,406.0,3.5,183300
McLaren,GT,2021,4,612,465,3.1,"210,000",Combustion,4.0,612.0,465.0,3.1,210000
BMW,M4,2022,3,473,406,4.1,"73,795",Combustion,3.0,473.0,406.0,4.1,73795
Mercedes-Benz,AMG GT R,2021,4,577,516,3.5,"183,000",Combustion,4.0,577.0,516.0,3.5,183000
Chevrolet,Corvette Stingray,2021,6.2,495,470,2.9,"60,995",Combustion,6.2,495.0,470.0,2.9,60995
Aston Martin,DB11,2022,5.2,630,516,3.5,"207,000",Combustion,5.2,630.0,516.0,3.5,207000
Bentley,Continental GT,2022,6,626,664,3.5,"203,825",Combustion,6.0,626.0,664.0,3.5,203825
Jaguar,F-Type R,2021,5,575,516,3.5,"103,200",Combustion,5.0,575.0,516.0,3.5,103200
Acura,NSX,2022,3.5,573,476,2.7,"157,500",Combustion,3.5,573.0,476.0,2.7,157500
Lotus,Evora GT,2021,3.5,416,317,3.7,"99,800",Combustion,3.5,416.0,317.0,3.7,99800
Porsche,Cayman GT4,2021,4,414,309,4.2,"100,200",Combustion,4.0,414.0,309.0,4.2,100200
Alfa Romeo,4C,2020,1.7,237,258,4.1,"67,150",Combustion,1.7,237.0,258.0,4.1,67150
Audi,RS5,2022,2.9,444,443,3.7,"77,250",Combustion,2.9,444.0,443.0,3.7,77250
BMW,M2 Competition,2021,3,405,406,4,"58,900",Combustion,3.0,405.0,406.0,4.0,58900
Chevrolet,Camaro ZL1,2021,6.2,650,650,3.5,"64,695",Combustion,6.2,650.0,650.0,3.5,64695
Dodge,Charger SRT Hellcat,2022,6.2,717,650,3.6,"71,490",Combustion,6.2,717.0,650.0,3.6,71490
Ford,GT,2022,3.5,660,550,2.8,"500,000",Combustion,3.5,660.0,550.0,2.8,500000
Lexus,LC 500,2022,5,471,398,4.4,"92,950",Combustion,5.0,471.0,398.0,4.4,92950
Maserati,GranTurismo,2020,4.7,454,384,4.8,"150,400",Combustion,4.7,454.0,384.0,4.8,150400
Nissan,370Z Nismo,2021,3.7,350,276,4.6,"47,820",Combustion,3.7,350.0,276.0,4.6,47820
Rolls-Royce,Wraith,2022,6.8,624,605,4.4,"330,000",Combustion,6.8,624.0,605.0,4.4,330000
Subaru,WRX STI,2021,2.5,310,290,4.6,"38,170",Combustion,2.5,310.0,290.0,4.6,38170
Tesla,Model S Plaid,2022,,1020,1050,1.9,"131,190",Unknown,,1020.0,1050.0,1.9,131190
Porsche,Cayman GT4,2021,4,414,309,4.2,"102,000",Combustion,4.0,414.0,309.0,4.2,102000
Lamborghini,Aventador,2021,6.5,729,507,2.9,"393,695",Combustion,6.5,729.0,507.0,2.9,393695
Ferrari,Portofino,2022,3.9,591,413,3.3,"218,750",Combustion,3.9,591.0,413.0,3.3,218750
Audi,RS7,2021,4,591,590,3.5,"114,000",Combustion,4.0,591.0,590.0,3.5,114000
McLaren,600LT,2021,3.8,592,457,2.8,"256,500",Combustion,3.8,592.0,457.0,2.8,256500
BMW,M2,2022,3,405,406,4,"58,900",Combustion,3.0,405.0,406.0,4.0,58900
Mercedes-Benz,AMG GT,2021,4,523,494,3.8,"118,500",Combustion,4.0,523.0,494.0,3.8,118500
Chevrolet,Camaro SS,2021,6.2,455,455,4.1,"40,590",Combustion,6.2,455.0,455.0,4.1,40590
Ford,Mustang Mach 1,2021,5,480,420,4,"52,720",Combustion,5.0,480.0,420.0,4.0,52720
Nissan,370Z Nismo,2021,3.7,350,276,4.6,"45,000",Combustion,3.7,350.0,276.0,4.6,45000
Porsche,Panamera Turbo,2022,4,620,604,3.1,"174,300",Combustion,4.0,620.0,604.0,3.1,174300
Lamborghini,Urus,2021,4,641,627,3.2,"222,004",Combustion,4.0,641.0,627.0,3.2,222004
Ferrari,SF90 Stradale,2022,4,986,590,2.5,"625,000",Combustion,4.0,986.0,590.0,2.5,625000
Audi,TT RS,2022,2.5,394,354,3.4,"67,895",Combustion,2.5,394.0,354.0,3.4,67895
McLaren,GT,2021,4,612,465,3.1,"210,000",Combustion,4.0,612.0,465.0,3.1,210000
Dodge,Challenger SRT Hellcat,2021,6.2,717,656,3.5,"62,290",Combustion,6.2,717.0,656.0,3.5,62290
Aston Martin,DBS Superleggera,2021,5.2,715,663,3.2,"304,995",Combustion,5.2,715.0,663.0,3.2,304995
Jaguar,F-Type R,2021,5,575,516,3.5,"103,200",Combustion,5.0,575.0,516.0,3.5,103200
Lexus,LC 500,2022,5,471,398,4.4,"93,050",Combustion,5.0,471.0,398.0,4.4,93050
Porsche,Cayman GT4,2022,4,414,309,4.2,"101,200",Combustion,4.0,414.0,309.0,4.2,101200
BMW,M2 Competition,2022,3,405,406,4,"59,895",Combustion,3.0,405.0,406.0,4.0,59895
Audi,RS 5 Coupe,2021,2.9,444,443,3.7,"75,100",Combustion,2.9,444.0,443.0,3.7,75100
Chevrolet,Camaro ZL1,2021,6.2,650,650,3.5,"64,195",Combustion,6.2,650.0,650.0,3.5,64195
Lotus,Evora GT,2022,3.5,416,317,3.8,"105,000",Combustion,3.5,416.0,317.0,3.8,105000
McLaren,GT,2021,4,612,465,3.1,"211,000",Combustion,4.0,612.0,465.0,3.1,211000
Mercedes-Benz,SLS AMG Black Series,2014,6.2,622,468,3.5,"275,000",Combustion,6.2,622.0,468.0,3.5,275000
Bugatti,Chiron,2021,8,1500,1180,2.4,"2,998,000",Combustion,8.0,1500.0,1180.0,2.4,2998000
Koenigsegg,Jesko,2021,5,1280,1015,2.5,"3,000,000",Combustion,5.0,1280.0,1015.0,2.5,3000000
Ferrari,SF90 Stradale,2021,4,986,590,2.5,"625,000",Combustion,4.0,986.0,590.0,2.5,625000
Lamborghini,Aventador SVJ,2020,6.5,770,531,2.8,"573,966",Combustion,6.5,770.0,531.0,2.8,573966
Rimac,C_Two,2022,Electric,1914,1732,1.85,"2,400,000",Electric,,1914.0,1732.0,1.85,2400000
Pagani,Huayra Roadster BC,2021,6,791,774,2.5,"3,500,000",Combustion,6.0,791.0,774.0,2.5,3500000
Pininfarina,Battista,2022,Electric,1874,1696,1.9,"2,500,000",Electric,,1874.0,1696.0,1.9,2500000
Acura,NSX,2022,3.5,573,476,2.9,"157,500",Combustion,3.5,573.0,476.0,2.9,157500
Aston Martin,Vantage,2021,4,503,505,3.5,"146,000",Combustion,4.0,503.0,505.0,3.5,146000
Bentley,Continental GT,2022,4,542,568,3.9,"219,800",Combustion,4.0,542.0,568.0,3.9,219800
Dodge,Challenger SRT Hellcat,2022,6.2,717,656,3.5,"70,000",Combustion,6.2,717.0,656.0,3.5,70000
Jaguar,F-Type,2022,2,296,295,5.4,"61,600",Combustion,2.0,296.0,295.0,5.4,61600
Kia,Stinger,2022,3.3,368,376,4.7,"52,200",Combustion,3.3,368.0,376.0,4.7,52200
Lotus,Evora GT,2021,3.5,416,317,3.8,"100,450",Combustion,3.5,416.0,317.0,3.8,100450
Maserati,GranTurismo,2021,4.7,454,384,4.8,"134,300",Combustion,4.7,454.0,384.0,4.8,134300
Porsche,718 Cayman GT4,2022,4,414,309,4.2,"102,550",Combustion,4.0,414.0,309.0,4.2,102550
Alfa Romeo,Giulia Quadrifoglio,2021,2.9,505,443,3.8,"76,400",Combustion,2.9,505.0,443.0,3.8,76400
Audi,RS7,2021,4,591,590,3.5,"114,000",Combustion,4.0,591.0,590.0,3.5,114000
BMW,M5,2022,4.4,600,553,3.2,"103,500",Combustion,4.4,600.0,553.0,3.2,103500
Chevrolet,Camaro ZL1,2022,6.2,650,650,3.5,"69,000",Combustion,6.2,650.0,650.0,3.5,69000
Ford,GT,2022,3.5,660,550,3,"500,000",Combustion,3.5,660.0,550.0,3.0,500000
Lamborghini,Aventador,2021,6.5,770,531,2.8,"417,826",Combustion,6.5,770.0,531.0,2.8,417826
McLaren,Artura,2021,3,671,531,3,"225,000",Combustion,3.0,671.0,531.0,3.0,225000
Mercedes-Benz,SLS AMG,2021,4,577,516,3.6,"247,500",Combustion,4.0,577.0,516.0,3.6,247500
Nissan,370Z Nismo,2021,3.7,350,276,4.8,"45,790",Combustion,3.7,350.0,276.0,4.8,45790
Porsche,Taycan,2022,Electric,616,774,2.6,"79,900",Electric,,616.0,774.0,2.6,79900
Tesla,Model S,2022,Electric,1020,1050,1.98,"119,000",Electric,,1020.0,1050.0,1.98,119000
Aston Martin,DBS Superleggera,2022,5.2,715,664,3.2,"307,820",Combustion,5.2,715.0,664.0,3.2,307820
Bentley,Continental GT,2022,4,542,568,3.4,"207,825",Combustion,4.0,542.0,568.0,3.4,207825
Bugatti,Chiron,2021,8,1479,1180,2.3,"2,998,000",Combustion,8.0,1479.0,1180.0,2.3,2998000
McLaren,570S,2021,3.8,562,443,3.1,"202,500",Combustion,3.8,562.0,443.0,3.1,202500
Porsche,Taycan Turbo S,2021,Electric,750,774,2.6,"185,000",Electric,,750.0,774.0,2.6,185000
Lamborghini,Aventador S,2021,6.5,730,509,2.9,"417,826",Combustion,6.5,730.0,509.0,2.9,417826
Ferrari,F8 Tributo,2022,3.9,710,568,2.8,"276,550",Combustion,3.9,710.0,568.0,2.8,276550
Audi,RS 7,2022,4,591,590,3.5,"114,000",Combustion,4.0,591.0,590.0,3.5,114000
BMW,M2 CS,2022,3,444,406,4,"84,595",Combustion,3.0,444.0,406.0,4.0,84595
Mercedes-Benz,SLS AMG,2021,6.2,622,468,3.2,"275,000",Combustion,6.2,622.0,468.0,3.2,275000
Chevrolet,Camaro ZL1,2021,6.2,650,650,3.5,"63,000",Combustion,6.2,650.0,650.0,3.5,63000
Ford,GT,2022,3.5,660,550,3,"500,000",Combustion,3.5,660.0,550.0,3.0,500000
Jaguar,F-Type,2021,5,575,516,3.5,"103,200",Combustion,5.0,575.0,516.0,3.5,103200
Lotus,Evora GT,2021,3.5,416,317,3.8,"96,950",Combustion,3.5,416.0,317.0,3.8,96950
Maserati,GranTurismo,2022,4.7,454,384,4.8,"134,300",Combustion,4.7,454.0,384.0,4.8,134300
McLaren,765LT,2021,4,755,590,2.8,"358,000",Combustion,4.0,755.0,590.0,2.8,358000
Nissan,370Z,2021,3.7,332,270,5,"30,000",Combustion,3.7,332.0,270.0,5.0,30000
Pagani,Huayra,2021,6,730,738,3,"2,600,000",Combustion,6.0,730.0,738.0,3.0,2600000
Porsche,Panamera Turbo S,2021,4,620,604,2.9,"180,000",Combustion,4.0,620.0,604.0,2.9,180000
Tesla,Model S Plaid,2021,Electric,1020,1050,1.9,"131,100",Electric,,1020.0,1050.0,1.9,131100
Aston Martin,DB11,2021,4,503,513,4,"201,495",Combustion,4.0,503.0,513.0,4.0,201495
Dodge,Challenger Hellcat Redeye,2022,6.2,797,707,3.4,"82,190",Combustion,6.2,797.0,707.0,3.4,82190
Lotus,Evora,2021,3.5,416,317,3.8,"96,950",Combustion,3.5,416.0,317.0,3.8,96950
Acura,NSX,2021,3.5,573,476,2.7,"159,495",Combustion,3.5,573.0,476.0,2.7,159495
Alfa Romeo,Giulia Quadrifoglio,2021,2.9,505,443,3.8,"76,950",Combustion,2.9,505.0,443.0,3.8,76950
Bentley,Continental GT,2021,6,626,664,3.3,"202,500",Combustion,6.0,626.0,664.0,3.3,202500
Jaguar,F-Type,2022,3,380,339,4.9,"70,100",Combustion,3.0,380.0,339.0,4.9,70100
Koenigsegg,Jesko,2022,5,1280,1015,2.5,"3,000,000",Combustion,5.0,1280.0,1015.0,2.5,3000000
Lexus,LC 500,2021,5,471,398,4.4,"92,950",Combustion,5.0,471.0,398.0,4.4,92950
Maserati,GranTurismo,2022,4.7,454,384,4.8,"132,795",Combustion,4.7,454.0,384.0,4.8,132795
McLaren,GT,2022,4,612,465,3.1,"215,500",Combustion,4.0,612.0,465.0,3.1,215500
Mercedes-AMG,C 63 S Coupe,2022,4,503,516,3.7,"80,900",Combustion,4.0,503.0,516.0,3.7,80900
Porsche,718 Cayman,2021,2,300,280,4.9,"59,900",Combustion,2.0,300.0,280.0,4.9,59900
Rolls-Royce,Wraith,2021,6.8,624,605,4.3,"330,000",Combustion,6.8,624.0,605.0,4.3,330000
Tesla,Roadster,2022,-,1000+,-,1.9,"200,000",Electric,,1000.0,,1.9,200000
Chevrolet,Camaro SS,2021,6.2,455,455,4,"40,000",Combustion,6.2,455.0,455.0,4.0,40000
Ford,GT,2022,3.5,660,550,3,"500,000",Combustion,3.5,660.0,550.0,3.0,500000
Acura,NSX,2022,3.5,573,476,2.7,"157,500",Combustion,3.5,573.0,476.0,2.7,157500
Aston Martin,DB11,2021,5.2,630,516,3.7,"209,000",Combustion,5.2,630.0,516.0,3.7,209000
Bentley,Continental GT,2022,4,542,568,3.9,"202,500",Combustion,4.0,542.0,568.0,3.9,202500
Bugatti,Chiron,2021,8,1500,1180,2.4,"3,000,000",Combustion,8.0,1500.0,1180.0,2.4,3000000
Dodge,Challenger Hellcat,2022,6.2,717,656,3.5,"67,500",Combustion,6.2,717.0,656.0,3.5,67500
Jaguar,F-Type,2021,5,575,516,3.5,"103,200",Combustion,5.0,575.0,516.0,3.5,103200
Koenigsegg,Jesko,2022,5,1280,1106,2.5,"2,800,000",Combustion,5.0,1280.0,1106.0,2.5,2800000
Lexus,LC,2021,5,471,398,4.4,"92,950",Combustion,5.0,471.0,398.0,4.4,92950
Lotus,Evora GT,2021,3.5,416,317,3.8,"104,200",Combustion,3.5,416.0,317.0,3.8,104200
Maserati,GranTurismo,2021,4.7,454,384,4.7,"133,050",Combustion,4.7,454.0,384.0,4.7,133050
McLaren,570S,2021,3.8,562,443,3.1,"196,350",Combustion,3.8,562.0,443.0,3.1,196350
Mercedes-Benz,AMG C63,2022,4,503,516,3.8,"69,900",Combustion,4.0,503.0,516.0,3.8,69900
Pagani,Huayra BC,2021,6,791,774,2.7,"2,600,000",Combustion,6.0,791.0,774.0,2.7,2600000
Porsche,Cayman GT4,2022,4,414,309,4.2,"102,900",Combustion,4.0,414.0,309.0,4.2,102900
Rimac,Nevera,2022,Electric,1914,1696,1.85,"2,400,000",Electric,,1914.0,1696.0,1.85,2400000
Rolls-Royce,Wraith,2021,6.7,624,605,4.4,"338,000",Combustion,6.7,624.0,605.0,4.4,338000
Tesla,Roadster,2022,Electric,1000+,"10,000+",1.9,"200,000",Electric,,1000.0,,1.9,200000
Acura,NSX,2022,3.5,573,476,2.7,"157,500",Combustion,3.5,573.0,476.0,2.7,157500
Aston Martin,Vantage,2021,4,503,505,3.5,"150,000",Combustion,4.0,503.0,505.0,3.5,150000
Bentley,Continental GT,2021,6,626,664,3.6,"218,400",Combustion,6.0,626.0,664.0,3.6,218400
Dodge,Challenger SRT Hellcat Redeye,2021,6.2,797,707,3.5,"73,000",Combustion,6.2,797.0,707.0,3.5,73000
Jaguar,F-Type R,2022,5,575,516,3.5,"103,200",Combustion,5.0,575.0,516.0,3.5,103200
Lexus,LC 500,2021,5,471,398,4.4,"92,950",Combustion,5.0,471.0,398.0,4.4,92950
Lotus,Evora GT,2021,3.5,416,317,3.8,"104,970",Combustion,3.5,416.0,317.0,3.8,104970
Maserati,GranTurismo,2021,4.7,454,384,4.8,"132,400",Combustion,4.7,454.0,384.0,4.8,132400
Porsche,Cayman GT4,2021,4,414,309,4.2,"101,200",Combustion,4.0,414.0,309.0,4.2,101200
Tesla,Roadster,2023,Electric,"1,000+",737,< 1.9,"200,000",Electric,,1000.0,737.0,1.9,200000
Alpine,A110,2021,1.8,288,236,4.4,"71,500",Combustion,1.8,288.0,236.0,4.4,71500
Audi,RS7,2021,4,591,590,3.5,"114,000",Combustion,4.0,591.0,590.0,3.5,114000
BMW,M4,2021,3,473,406,4.1,"71,800",Combustion,3.0,473.0,406.0,4.1,71800
Chevrolet,Camaro ZL1,2021,6.2,650,650,3.5,"64,195",Combustion,6.2,650.0,650.0,3.5,64195
Dodge,Viper,2017,8.4,645,600,3.3,"118,795",Combustion,8.4,645.0,600.0,3.3,118795
Ferrari,Portofino,2021,3.9,591,560,3.5,"218,750",Combustion,3.9,591.0,560.0,3.5,218750
Jaguar,F-Type,2022,3,296,295,5.4,"61,600",Combustion,3.0,296.0,295.0,5.4,61600
Lamborghini,Aventador SVJ,2021,6.5,770,531,2.8,"517,700",Combustion,6.5,770.0,531.0,2.8,517700
McLaren,600LT,2021,3.8,592,457,2.8,"240,000",Combustion,3.8,592.0,457.0,2.8,240000
Aston Martin,DB11,2021,5.2,630,516,3.5,"221,400",Combustion,5.2,630.0,516.0,3.5,221400
Bentley,Continental GT,2021,6,626,664,3.6,"202,500",Combustion,6.0,626.0,664.0,3.6,202500
Bugatti,Chiron,2022,8,1500,1180,2.4,"3,000,000",Combustion,8.0,1500.0,1180.0,2.4,3000000
Dodge,Challenger SRT Hellcat,2021,6.2,717,656,3.5,"64,100",Combustion,6.2,717.0,656.0,3.5,64100
Jaguar,F-Type R,2022,5,575,516,3.5,"103,200",Combustion,5.0,575.0,516.0,3.5,103200
Koenigsegg,Jesko,2022,5,1280,1015,2.5,"2,800,000",Combustion,5.0,1280.0,1015.0,2.5,2800000
Lexus,LC 500,2021,5,471,398,4.4,"92,950",Combustion,5.0,471.0,398.0,4.4,92950
Lotus,Evora GT,2021,3.5,416,317,3.8,"100,450",Combustion,3.5,416.0,317.0,3.8,100450
Maserati,GranTurismo,2021,4.7,454,384,4.8,"150,980",Combustion,4.7,454.0,384.0,4.8,150980
McLaren,Artura,2022,3,671,531,3,"225,000",Combustion,3.0,671.0,531.0,3.0,225000
Mercedes-AMG,C 63 S,2022,4,503,516,3.7,"81,550",Combustion,4.0,503.0,516.0,3.7,81550
Pagani,Huayra,2021,6,764,738,2.8,"3,500,000",Combustion,6.0,764.0,738.0,2.8,3500000
Porsche,Cayman GT4,2021,4,414,309,4.2,"102,550",Combustion,4.0,414.0,309.0,4.2,102550
Rimac,C_Two,2022,,1888,1696,1.8,"2,400,000",Unknown,,1888.0,1696.0,1.8,2400000
Rolls-Royce,Wraith,2021,6.6,624,642,4.4,"330,000",Combustion,6.6,624.0,642.0,4.4,330000
Tesla,Roadster,2022,,10000+,0,1.9,"200,000",Unknown,,,0.0,1.9,200000
Toyota,Supra,2022,3,382,368,3.9,"43,090",Combustion,3.0,382.0,368.0,3.9,43090
Acura,NSX,2021,3.5,573,476,2.7,"157,500",Combustion,3.5,573.0,476.0,2.7,157500
Aston Martin,Vantage,2021,4,503,505,3.5,"146,000",Combustion,4.0,503.0,505.0,3.5,146000
Bentley,Continental GT,2022,4,542,568,3.9,"207,825",Combustion,4.0,542.0,568.0,3.9,207825
Dodge,Challenger SRT Hellcat,2021,6.2,717,656,3.5,"64,195",Combustion,6.2,717.0,656.0,3.5,64195
Jaguar,F-Type,2022,3,380,339,4.8,"62,250",Combustion,3.0,380.0,339.0,4.8,62250
Lexus,LC 500,2022,5,471,398,4.4,"92,000",Combustion,5.0,471.0,398.0,4.4,92000
Lotus,Evora GT,2021,3.5,416,317,3.8,"105,000",Combustion,3.5,416.0,317.0,3.8,105000
Maserati,GranTurismo,2022,4.7,454,384,4.7,"134,300",Combustion,4.7,454.0,384.0,4.7,134300
McLaren,570S,2022,3.8,562,443,2.9,"204,550",Combustion,3.8,562.0,443.0,2.9,204550
Porsche,Cayman GT4,2021,4,414,309,4.2,"102,000",Combustion,4.0,414.0,309.0,4.2,102000
Tesla,Model S Plaid,2021,Electric (tri-motor),1020,1050,1.9,"141,190",Electric,,1020.0,1050.0,1.9,141190
Audi,RS 5,2021,2.9,444,443,3.5,"75,100",Combustion,2.9,444.0,443.0,3.5,75100
BMW,M2 Competition,2022,3,405,406,4,"59,895",Combustion,3.0,405.0,406.0,4.0,59895
Chevrolet,Camaro ZL1,2021,6.2,650,650,3.5,"64,995",Combustion,6.2,650.0,650.0,3.5,64995
Dodge,Viper ACR,2017,8.4,645,600,3.3,"126,190",Combustion,8.4,645.0,600.0,3.3,126190
Ford,GT,2021,3.5,660,550,2.9,"500,000",Combustion,3.5,660.0,550.0,2.9,500000
Porsche,Taycan 4S,2022,2.5,482,472,3.8,"102,900",Combustion,2.5,482.0,472.0,3.8,102900
Lamborghini,Aventador S,2021,6.5,730,509,2.9,"417,650",Combustion,6.5,730.0,509.0,2.9,417650
Aston Martin,DB11,2021,5.2,630,516,3.5,"205,000",Combustion,5.2,630.0,516.0,3.5,205000
Alfa Romeo,Giulia Quadrifoglio,2022,2.9,505,443,3.8,"81,250",Combustion,2.9,505.0,443.0,3.8,81250
Audi,RS7 Sportback,2022,4,591,590,3.5,"115,045",Combustion,4.0,591.0,590.0,3.5,115045
BMW,M4 Competition,2021,3,503,479,3.9,"75,695",Combustion,3.0,503.0,479.0,3.9,75695
Chevrolet,Camaro SS,2022,6.2,455,455,4.1,"42,000",Combustion,6.2,455.0,455.0,4.1,42000
Dodge,Charger Hellcat,2021,6.2,717,650,3.6,"71,490",Combustion,6.2,717.0,650.0,3.6,71490
Ferrari,F8 Tributo,2021,3.9,710,568,2.9,"274,280",Combustion,3.9,710.0,568.0,2.9,274280
Ford,GT,2021,3.5,660,550,2.8,"500,000",Combustion,3.5,660.0,550.0,2.8,500000
Jaguar,F-Type R,2021,5,575,516,3.5,"103,200",Combustion,5.0,575.0,516.0,3.5,103200
Koenigsegg,Jesko Absolut,2022,5,1600,1106,2.1,"2,800,000",Combustion,5.0,1600.0,1106.0,2.1,2800000
Lexus,LC 500,2021,5,471,398,4.4,"93,050",Combustion,5.0,471.0,398.0,4.4,93050
Lotus,Evija,2022,Electric,1973,1254,2.5,"2,750,000",Electric,,1973.0,1254.0,2.5,2750000
McLaren,GT,2022,4,612,465,3.2,"210,000",Combustion,4.0,612.0,465.0,3.2,210000
Mercedes-Benz,AMG GT Black Series,2021,4,720,590,3.2,"326,050",Combustion,4.0,720.0,590.0,3.2,326050
Porsche,Cayman GT4,2021,4,414,309,4.2,"102,500",Combustion,4.0,414.0,309.0,4.2,102500
Lamborghini,Aventador,2021,6.5,770,531,2.8,"417,650",Combustion,6.5,770.0,531.0,2.8,417650
Ferrari,Portofino,2021,3.9,591,560,3.3,"218,750",Combustion,3.9,591.0,560.0,3.3,218750
Audi,TT RS,2022,2.5,394,354,3.6,"69,000",Combustion,2.5,394.0,354.0,3.6,69000
McLaren,600LT Spider,2021,3.8,592,457,2.8,"256,500",Combustion,3.8,592.0,457.0,2.8,256500
BMW,M4,2022,3,473,406,4.1,"72,800",Combustion,3.0,473.0,406.0,4.1,72800
Mercedes-Benz,AMG C 63,2022,4,503,516,3.8,"70,000",Combustion,4.0,503.0,516.0,3.8,70000
Chevrolet,Camaro SS 1LE,2021,6.2,455,455,4,"44,500",Combustion,6.2,455.0,455.0,4.0,44500
Ford,Mustang Mach 1,2021,5,480,420,4,"51,000",Combustion,5.0,480.0,420.0,4.0,51000
Nissan,370Z Nismo,2021,3.7,350,276,5.2,"45,000",Combustion,3.7,350.0,276.0,5.2,45000
Aston Martin,Vantage,2021,4,503,505,3.5,"146,000",Combustion,4.0,503.0,505.0,3.5,146000
Bugatti,Chiron,2022,8,1500,1180,2.4,"3,000,000",Combustion,8.0,1500.0,1180.0,2.4,3000000
Koenigsegg,Jesko,2021,5,1262,1106,2.5,"3,000,000",Combustion,5.0,1262.0,1106.0,2.5,3000000
Pagani,Huayra,2021,6,764,738,2.6,"2,600,000",Combustion,6.0,764.0,738.0,2.6,2600000
McLaren,Speedtail,2021,4,1035,848,2.5,"2,300,000",Combustion,4.0,1035.0,848.0,2.5,2300000
Lamborghini,Sián,2021,6.5,819,531,2.8,"3,600,000",Combustion,6.5,819.0,531.0,2.8,3600000
Rimac,C_Two,2021,Electric,1914,1732,1.8,"2,400,000",Electric,,1914.0,1732.0,1.8,2400000
Porsche,Cayman,2022,2,300,280,4.9,"59,900",Combustion,2.0,300.0,280.0,4.9,59900
Lamborghini,Aventador,2021,6.5,770,531,2.8,"393,695",Combustion,6.5,770.0,531.0,2.8,393695
Ferrari,Portofino,2021,3.9,591,413,3.5,"215,000",Combustion,3.9,591.0,413.0,3.5,215000
Audi,RS 5,2022,2.9,444,443,3.7,"75,100",Combustion,2.9,444.0,443.0,3.7,75100
McLaren,GT,2021,4,620,465,3.1,"210,000",Combustion,4.0,620.0,465.0,3.1,210000
BMW,Z4 M40i,2022,3,382,369,4.3,"63,700",Combustion,3.0,382.0,369.0,4.3,63700
Mercedes-Benz,SLC 43,2020,3,385,384,4.6,"62,000",Combustion,3.0,385.0,384.0,4.6,62000
Chevrolet,Camaro SS,2022,6.2,455,455,4.3,"42,500",Combustion,6.2,455.0,455.0,4.3,42500
Ford,Mustang GT,2022,5,460,420,4.3,"36,120",Combustion,5.0,460.0,420.0,4.3,36120
Nissan,370Z Nismo,2020,3.7,350,276,4.6,"45,790",Combustion,3.7,350.0,276.0,4.6,45790
Aston Martin,Vantage,2022,4,503,505,3.6,"146,000",Combustion,4.0,503.0,505.0,3.6,146000
Bentley,Continental GT,2021,4,626,664,3.3,"220,000",Combustion,4.0,626.0,664.0,3.3,220000
Porsche,718 Boxster,2022,2,300,280,4.9,"62,000",Combustion,2.0,300.0,280.0,4.9,62000
Lamborghini,Urus,2021,4,641,627,3.6,"222,004",Combustion,4.0,641.0,627.0,3.6,222004
Ferrari,F8 Spider,2021,3.9,710,568,2.9,"280,000",Combustion,3.9,710.0,568.0,2.9,280000
Audi,TT RS,2022,2.5,394,354,3.6,"69,900",Combustion,2.5,394.0,354.0,3.6,69900
McLaren,570S,2021,3.8,562,443,2.9,"208,800",Combustion,3.8,562.0,443.0,2.9,208800
BMW,M4,2022,3,473,406,4,"72,800",Combustion,3.0,473.0,406.0,4.0,72800
Porsche,718 Cayman,2022,2,300,280,4.9,"60,500",Combustion,2.0,300.0,280.0,4.9,60500
Lamborghini,Aventador,2021,6.5,730,509,2.9,"393,695",Combustion,6.5,730.0,509.0,2.9,393695
Ferrari,SF90 Stradale,2022,4,986,590,2.5,"625,000",Combustion,4.0,986.0,590.0,2.5,625000
Audi,RS5,2022,2.9,444,443,3.7,"75,100",Combustion,2.9,444.0,443.0,3.7,75100
McLaren,GT,2021,4,612,465,3.2,"208,800",Combustion,4.0,612.0,465.0,3.2,208800
BMW,M2,2022,3,405,406,4,"58,900",Combustion,3.0,405.0,406.0,4.0,58900
Mercedes-Benz,SLS AMG,2015,6.2,622,468,3.6,"229,000",Combustion,6.2,622.0,468.0,3.6,229000
Chevrolet,Camaro ZL1,2021,6.2,650,650,3.5,"62,000",Combustion,6.2,650.0,650.0,3.5,62000
Ford,GT,2022,3.5,660,550,3,"500,000",Combustion,3.5,660.0,550.0,3.0,500000
Nissan,370Z Nismo,2020,3.7,350,276,5.2,"46,200",Combustion,3.7,350.0,276.0,5.2,46200
Dodge,Challenger SRT Hellcat,2021,6.2,717,656,3.6,"71,000",Combustion,6.2,717.0,656.0,3.6,71000
Aston Martin,DBS Superleggera,2021,5.2,715,663,3.2,"308,000",Combustion,5.2,715.0,663.0,3.2,308000
Alfa Romeo,Giulia Quadrifoglio,2022,2.9,505,443,3.8,"80,500",Combustion,2.9,505.0,443.0,3.8,80500
Jaguar,F-Type R,2021,5,575,516,3.5,"105,900",Combustion,5.0,575.0,516.0,3.5,105900
Lotus,Evora GT,2020,3.5,416,317,3.8,"96,950",Combustion,3.5,416.0,317.0,3.8,96950
Maserati,GranTurismo,2019,4.7,454,384,4.7,"150,980",Combustion,4.7,454.0,384.0,4.7,150980
Porsche,Panamera Turbo S,2022,4,630,604,2.9,"180,800",Combustion,4.0,630.0,604.0,2.9,180800
Lamborghini,Urus,2021,4,641,627,3.2,"218,000",Combustion,4.0,641.0,627.0,3.2,218000
Aston Martin,Vantage,2021,4,503,505,3.5,"146,000",Combustion,4.0,503.0,505.0,3.5,146000
Lotus,Evora,2021,3.5,416,317,3.8,"94,000",Combustion,3.5,416.0,317.0,3.8,94000
Alfa Romeo,4C Spider,2020,1.7,237,258,4.1,"67,150",Combustion,1.7,237.0,258.0,4.1,67150
Jaguar,F-Type,2022,3,380,339,4.9,"70,900",Combustion,3.0,380.0,339.0,4.9,70900
Maserati,GranTurismo,2021,4.7,454,384,4.7,"134,300",Combustion,4.7,454.0,384.0,4.7,134300
Porsche,Cayman GT4,2021,4,414,309,4.2,"100,200",Combustion,4.0,414.0,309.0,4.2,100200
Audi,RS5 Coupe,2022,2.9,444,443,3.7,"76,450",Combustion,2.9,444.0,443.0,3.7,76450
BMW,M2 Competition,2021,3,405,406,4,"58,900",Combustion,3.0,405.0,406.0,4.0,58900
Chevrolet,Camaro ZL1,2022,6.2,650,650,3.5,"64,000",Combustion,6.2,650.0,650.0,3.5,64000
Dodge,Challenger SRT Hellcat,2022,6.2,717,656,3.5,"61,500",Combustion,6.2,717.0,656.0,3.5,61500
Ford,GT,2021,3.5,647,550,2.8,"500,000",Combustion,3.5,647.0,550.0,2.8,500000
Lexus,LC 500,2022,5,471,398,4.4,"92,950",Combustion,5.0,471.0,398.0,4.4,92950
McLaren,570S,2022,3.8,562,443,3.1,"198,950",Combustion,3.8,562.0,443.0,3.1,198950
Mercedes-AMG,C63 S Coupe,2021,4,503,516,3.7,"77,950",Combustion,4.0,503.0,516.0,3.7,77950
Nissan,370Z Nismo,2021,3.7,350,276,4.9,"45,790",Combustion,3.7,350.0,276.0,4.9,45790
Porsche,718 Boxster,2021,2,300,280,4.9,"62,000",Combustion,2.0,300.0,280.0,4.9,62000
Lamborghini,Aventador S,2021,6.5,729,507,2.9,"417,826",Combustion,6.5,729.0,507.0,2.9,417826
Ferrari,F8 Tributo,2021,3.9,710,568,2.9,"274,280",Combustion,3.9,710.0,568.0,2.9,274280
Audi,TT RS Coupe,2021,2.5,394,354,3.6,"67,600",Combustion,2.5,394.0,354.0,3.6,67600
BMW,M4 Coupe,2021,3,473,406,3.8,"71,800",Combustion,3.0,473.0,406.0,3.8,71800
Acura,NSX,2021,3.5,573,476,2.7,"159,495",Combustion,3.5,573.0,476.0,2.7,159495
Aston Martin,DBS Superleggera,2022,5.2,715,664,3.4,"314,500",Combustion,5.2,715.0,664.0,3.4,314500
Bentley,Continental GT,2022,6,626,664,3.3,"214,425",Combustion,6.0,626.0,664.0,3.3,214425
Bugatti,Chiron,2022,8,1500,1180,2.3,"3,000,000",Combustion,8.0,1500.0,1180.0,2.3,3000000
Dodge,Challenger SRT Hellcat,2022,6.2,717,656,3.5,"71,490",Combustion,6.2,717.0,656.0,3.5,71490
Jaguar,F-Type,2021,5,575,516,3.5,"105,900",Combustion,5.0,575.0,516.0,3.5,105900
Koenigsegg,Jesko,2021,5,1280,1106,2.5,"2,800,000",Combustion,5.0,1280.0,1106.0,2.5,2800000
Lexus,LC 500,2021,5,471,398,4.4,"92,950",Combustion,5.0,471.0,398.0,4.4,92950
Lotus,Evora GT,2021,3.5,416,317,3.8,"104,400",Combustion,3.5,416.0,317.0,3.8,104400
Maserati,GranTurismo,2022,4.7,454,384,4.7,"150,980",Combustion,4.7,454.0,384.0,4.7,150980
McLaren,Artura,2022,3,671,531,3,"225,000",Combustion,3.0,671.0,531.0,3.0,225000
Pagani,Huayra,2021,6,764,738,2.6,"2,600,000",Combustion,6.0,764.0,738.0,2.6,2600000
Porsche,Cayman GT4,2022,4,414,309,4.2,"102,000",Combustion,4.0,414.0,309.0,4.2,102000
Rimac,C_Two,2021,Electric,1914,1696,1.9,"2,400,000",Electric,,1914.0,1696.0,1.9,2400000
Rolls-Royce,Wraith,2021,6.8,624,605,4.4,"335,550",Combustion,6.8,624.0,605.0,4.4,335550
Tesla,Model S Plaid,2021,Electric,1020,1050,1.9,"141,990",Electric,,1020.0,1050.0,1.9,141990
Toyota,GR Supra,2022,3,382,368,3.9,"43,090",Combustion,3.0,382.0,368.0,3.9,43090
TVR,Griffith,2021,5,500,420,3.9,"157,500",Combustion,5.0,500.0,420.0,3.9,157500
Ultima,RS,2021,6.2,1200,1300,2.3,"220,000",Combustion,6.2,1200.0,1300.0,2.3,220000
W Motors,Fenyr SuperSport,2022,3.8,800,723,2.7,"1,550,000",Combustion,3.8,800.0,723.0,2.7,1550000
Acura,NSX,2021,3.5,573,476,2.9,"157,500",Combustion,3.5,573.0,476.0,2.9,157500
Aston Martin,DBS Superleggera,2022,5.2,715,663,3.2,"308,000",Combustion,5.2,715.0,663.0,3.2,308000
Bentley,Continental GT,2021,6,626,664,3.6,"202,500",Combustion,6.0,626.0,664.0,3.6,202500
Bugatti,Chiron,2021,8,1500,1180,2.3,"3,000,000",Combustion,8.0,1500.0,1180.0,2.3,3000000
Dodge,Challenger SRT Hellcat,2021,6.2,717,656,3.5,"65,000",Combustion,6.2,717.0,656.0,3.5,65000
Jaguar,F-Type,2021,3,380,339,4.9,"63,100",Combustion,3.0,380.0,339.0,4.9,63100
Lexus,LC 500,2021,5,471,398,4.4,"92,950",Combustion,5.0,471.0,398.0,4.4,92950
Lotus,Evija,2022,Electric,1973,1254,2.5,"2,600,000",Electric,,1973.0,1254.0,2.5,2600000
Maserati,GranTurismo,2021,4.7,454,384,4.8,"134,300",Combustion,4.7,454.0,384.0,4.8,134300
Porsche,Taycan,2021,Electric,616,774,2.6,"185,000",Electric,,616.0,774.0,2.6,185000
Rimac,C_Two,2022,Electric,1914,1696,1.9,"2,400,000",Electric,,1914.0,1696.0,1.9,2400000
Tesla,Model S Plaid,2022,Electric,1020,1050,1.98,"140,000",Electric,,1020.0,1050.0,1.98,140000
McLaren,Artura,2022,3,671,531,3,"225,000",Combustion,3.0,671.0,531.0,3.0,225000
Mercedes-Benz,AMG GT Black Series,2021,4,720,590,3.1,"325,000",Combustion,4.0,720.0,590.0,3.1,325000
Chevrolet,Camaro ZL1,2021,6.2,650,650,3.5,"63,000",Combustion,6.2,650.0,650.0,3.5,63000
Ford,GT,2021,3.5,647,550,3,"500,000",Combustion,3.5,647.0,550.0,3.0,500000
Aston Martin,DBS Superleggera,2021,5.2,715,664,3.4,"307,820",Combustion,5.2,715.0,664.0,3.4,307820
Jaguar,F-Type,2022,5,575,516,3.5,"103,200",Combustion,5.0,575.0,516.0,3.5,103200
Dodge,Challenger SRT Hellcat Redeye,2021,6.2,797,707,3.5,"80,190",Combustion,6.2,797.0,707.0,3.5,80190
Lotus,Evora GT,2022,3.5,416,317,3.8,"105,000",Combustion,3.5,416.0,317.0,3.8,105000
Alfa Romeo,4C Spider,2020,1.8,237,258,4.1,"68,745",Combustion,1.8,237.0,258.0,4.1,68745
Subaru,WRX STI,2022,2.5,310,290,5.2,"38,170",Combustion,2.5,310.0,290.0,5.2,38170
Acura,NSX,2022,3.5,573,476,2.7,"157,500",Combustion,3.5,573.0,476.0,2.7,157500
Koenigsegg,Jesko,2021,5,1280,1015,2.5,"2,800,000",Combustion,5.0,1280.0,1015.0,2.5,2800000
Tesla,Model S Plaid,2022,Electric,1020,1050,1.98,"139,990",Electric,,1020.0,1050.0,1.98,139990
Bugatti,Chiron Super Sport 300+,2022,8,1578,1180,2.3,"5,200,000",Combustion,8.0,1578.0,1180.0,2.3,5200000
McLaren,Senna,2020,4,789,590,2.7,"1,500,000",Combustion,4.0,789.0,590.0,2.7,1500000
Porsche,Taycan Turbo S,2022,Electric,750,774,2.6,"185,000",Electric,,750.0,774.0,2.6,185000
Mercedes-Benz,SLS AMG Black Series,2014,6.2,622,468,3.5,"275,000",Combustion,6.2,622.0,468.0,3.5,275000
Lexus,LC 500,2022,5,471,398,4.4,"93,050",Combustion,5.0,471.0,398.0,4.4,93050
Chevrolet,Camaro ZL1,2022,6.2,650,650,3.5,"65,000",Combustion,6.2,650.0,650.0,3.5,65000
Audi,RS 7 Sportback,2022,4,591,590,3.5,"114,000",Combustion,4.0,591.0,590.0,3.5,114000
Ford,GT,2022,3.5,660,550,3,"500,000",Combustion,3.5,660.0,550.0,3.0,500000
BMW,M2 CS,2022,3,444,406,3.8,"84,595",Combustion,3.0,444.0,406.0,3.8,84595
Porsche,Cayman GT4,2022,4,414,309,4.2,"102,550",Combustion,4.0,414.0,309.0,4.2,102550
Lamborghini,Aventador,2022,6.5,770,531,2.8,"393,695",Combustion,6.5,770.0,531.0,2.8,393695
Aston Martin,Vantage,2021,4,503,505,3.6,"146,000",Combustion,4.0,503.0,505.0,3.6,146000
Lotus,Evora GT,2021,3.5,416,317,3.8,"96,950",Combustion,3.5,416.0,317.0,3.8,96950
Porsche,Panamera Turbo S,2021,4,620,604,2.9,"180,000",Combustion,4.0,620.0,604.0,2.9,180000
Lamborghini,Aventador S,2022,6.5,729,507,2.9,"460,247",Combustion,6.5,729.0,507.0,2.9,460247
Ferrari,SF90 Stradale,2021,4,986,590,2.5,"625,000",Combustion,4.0,986.0,590.0,2.5,625000
Audi,RS 6 Avant,2022,4,591,590,3.1,"110,045",Combustion,4.0,591.0,590.0,3.1,110045
McLaren,570S,2021,3.8,562,443,3.1,"192,500",Combustion,3.8,562.0,443.0,3.1,192500
BMW,M5,2022,4.4,600,553,3.2,"103,500",Combustion,4.4,600.0,553.0,3.2,103500
Mercedes-Benz,AMG C 63 S,2021,4,503,516,3.7,"77,400",Combustion,4.0,503.0,516.0,3.7,77400
Chevrolet,Camaro ZL1,2021,6.2,650,650,3.5,"64,695",Combustion,6.2,650.0,650.0,3.5,64695
Dodge,Challenger SRT Hellcat,2021,6.2,717,656,3.5,"64,195",Combustion,6.2,717.0,656.0,3.5,64195
Ford,GT,2021,3.5,660,550,3,"500,000",Combustion,3.5,660.0,550.0,3.0,500000
Nissan,370Z Nismo,2020,3.7,350,276,5,"46,815",Combustion,3.7,350.0,276.0,5.0,46815
Porsche,Cayman GT4,2021,4,414,309,4.2,"102,550",Combustion,4.0,414.0,309.0,4.2,102550
Audi,TT RS,2021,2.5,394,354,3.6,"67,895",Combustion,2.5,394.0,354.0,3.6,67895
Chevrolet,Corvette Z06,2023,5.5,625,650,2.6,"85,000",Combustion,5.5,625.0,650.0,2.6,85000
Lamborghini,Urus,2022,4,641,626,3.2,"218,009",Combustion,4.0,641.0,626.0,3.2,218009
Mercedes-Benz,AMG GT 63 S,2021,4,630,664,3.1,"162,900",Combustion,4.0,630.0,664.0,3.1,162900
Ferrari,Portofino M,2022,3.9,612,560,3.5,"245,000",Combustion,3.9,612.0,560.0,3.5,245000
Bugatti,Chiron,2021,8,1479,1180,2.5,"3,000,000",Combustion,8.0,1479.0,1180.0,2.5,3000000
Aston Martin,DBS Superleggera,2021,5.2,715,664,3.4,"304,995",Combustion,5.2,715.0,664.0,3.4,304995
Lotus,Evora GT,2021,3.5,416,317,3.8,"100,450",Combustion,3.5,416.0,317.0,3.8,100450
Porsche,Cayman GT4,2022,4,414,309,4.2,"100,200",Combustion,4.0,414.0,309.0,4.2,100200
Acura,NSX,2021,3.5,573,476,2.7,"157,500",Combustion,3.5,573.0,476.0,2.7,157500
Lexus,LC,2021,5,471,398,4.4,"92,950",Combustion,5.0,471.0,398.0,4.4,92950
Alfa Romeo,Giulia Quadrifoglio,2021,2.9,505,443,3.8,"74,750",Combustion,2.9,505.0,443.0,3.8,74750
Audi,RS7,2021,4,591,590,3.5,"114,000",Combustion,4.0,591.0,590.0,3.5,114000
Bentley,Continental GT,2021,6,626,664,3.3,"218,400",Combustion,6.0,626.0,664.0,3.3,218400
BMW,M5,2021,4.4,600,553,3.2,"103,500",Combustion,4.4,600.0,553.0,3.2,103500
Chevrolet,Camaro ZL1,2021,6.2,650,650,3.5,"64,695",Combustion,6.2,650.0,650.0,3.5,64695
Dodge,Challenger Hellcat,2021,6.2,717,656,3.5,"70,595",Combustion,6.2,717.0,656.0,3.5,70595
Ford,GT,2022,3.5,647,550,3,"500,000",Combustion,3.5,647.0,550.0,3.0,500000
Jaguar,F-Type R,2021,5,575,516,3.5,"103,200",Combustion,5.0,575.0,516.0,3.5,103200
Lamborghini,Aventador,2021,6.5,730,509,2.9,"393,695",Combustion,6.5,730.0,509.0,2.9,393695
McLaren,570S,2021,3.8,562,443,3.1,"203,500",Combustion,3.8,562.0,443.0,3.1,203500
Mercedes-Benz,SLS AMG,2015,6.2,583,479,3.6,"221,580",Combustion,6.2,583.0,479.0,3.6,221580
Nissan,370Z Nismo,2020,3.7,350,276,4.7,"47,190",Combustion,3.7,350.0,276.0,4.7,47190
Porsche,Boxster,2021,2,300,280,4.9,"62,000",Combustion,2.0,300.0,280.0,4.9,62000
Porsche,718 Cayman,2022,2,300,280,4.9,"61,500",Combustion,2.0,300.0,280.0,4.9,61500
Lamborghini,Aventador,2021,6.5,759,531,2.9,"393,695",Combustion,6.5,759.0,531.0,2.9,393695
Ferrari,Roma,2021,3.9,612,561,3.3,"222,630",Combustion,3.9,612.0,561.0,3.3,222630
Audi,RS 5,2022,2.9,444,442,3.5,"75,400",Combustion,2.9,444.0,442.0,3.5,75400
McLaren,570S,2020,3.8,562,443,3.1,"208,000",Combustion,3.8,562.0,443.0,3.1,208000
BMW,M2,2022,3,405,406,4.2,"58,900",Combustion,3.0,405.0,406.0,4.2,58900
Mercedes-Benz,SL,2022,3,429,384,4.9,"96,250",Combustion,3.0,429.0,384.0,4.9,96250
Chevrolet,Camaro,2021,6.2,455,455,4,"25,000",Combustion,6.2,455.0,455.0,4.0,25000
Ford,GT,2022,3.5,660,550,3,"500,000",Combustion,3.5,660.0,550.0,3.0,500000
Nissan,370Z Nismo,2021,3.7,350,276,5,"45,000",Combustion,3.7,350.0,276.0,5.0,45000
Aston Martin,DBS Superleggera,2021,5.2,715,664,3.4,"307,820",Combustion,5.2,715.0,664.0,3.4,307820
Lotus,Evora GT,2021,3.5,416,317,3.8,"100,450",Combustion,3.5,416.0,317.0,3.8,100450
Maserati,GranTurismo,2021,4.7,454,384,4.7,"134,300",Combustion,4.7,454.0,384.0,4.7,134300
Porsche,Panamera,2022,2.9,325,331,5.2,"88,550",Combustion,2.9,325.0,331.0,5.2,88550
Lamborghini,Urus,2021,4,641,627,3.6,"218,009",Combustion,4.0,641.0,627.0,3.6,218009
Ferrari,SF90 Stradale,2021,4,986,590,2.5,"625,000",Combustion,4.0,986.0,590.0,2.5,625000
Audi,RS 6,2022,4,591,590,3.5,"109,000",Combustion,4.0,591.0,590.0,3.5,109000
McLaren,Artura,2022,3,671,531,3,"225,000",Combustion,3.0,671.0,531.0,3.0,225000
Porsche,Taycan 4S,2021,Electric (93 kWh),429,472,3.8,"103,800",Electric,,429.0,472.0,3.8,103800
Lamborghini,Aventador S,2021,6.5,730,509,2.9,"417,650",Combustion,6.5,730.0,509.0,2.9,417650
Ferrari,SF90 Stradale,2021,4,986,590,2.5,"625,000",Combustion,4.0,986.0,590.0,2.5,625000
Audi,RS 7,2022,4,591,590,3.5,"117,000",Combustion,4.0,591.0,590.0,3.5,117000
McLaren,570S,2021,3.8,562,443,3.1,"192,500",Combustion,3.8,562.0,443.0,3.1,192500
BMW,M4,2021,3,473,406,4,"72,800",Combustion,3.0,473.0,406.0,4.0,72800
Mercedes-Benz,SLS AMG,2015,6.2,622,468,3.5,"228,000",Combustion,6.2,622.0,468.0,3.5,228000
Chevrolet,Camaro SS,2021,6.2,455,455,4,"42,000",Combustion,6.2,455.0,455.0,4.0,42000
Ford,GT,2021,3.5,660,550,3,"500,000",Combustion,3.5,660.0,550.0,3.0,500000
Nissan,370Z Nismo,2021,3.7,350,276,5,"48,000",Combustion,3.7,350.0,276.0,5.0,48000
Aston Martin,DBS Superleggera,2021,5.2,715,664,3.2,"307,820",Combustion,5.2,715.0,664.0,3.2,307820
Lexus,LC 500,2021,5,471,398,4.4,"93,000",Combustion,5.0,471.0,398.0,4.4,93000
Bentley,Continental GT,2021,4,626,664,3.3,"202,500",Combustion,4.0,626.0,664.0,3.3,202500
Maserati,GranTurismo,2021,4.7,454,384,4.7,"150,980",Combustion,4.7,454.0,384.0,4.7,150980
Tesla,Model S Plaid,2022,Electric (100 kWh),1020,1050,1.98,"131,190",Electric,,1020.0,1050.0,1.98,131190
Rolls-Royce,Dawn,2021,6.6,563,605,4.3,"346,300",Combustion,6.6,563.0,605.0,4.3,346300
Bugatti,Chiron Pur Sport,2021,8,1500,1180,2.3,"3,599,000",Combustion,8.0,1500.0,1180.0,2.3,3599000
McLaren,Senna,2019,4,789,590,2.7,"1,050,000",Combustion,4.0,789.0,590.0,2.7,1050000
Porsche,Panamera Turbo S E-Hybrid,2021,Hybrid (4.0),690,641,3,"186,350",Hybrid,4.0,690.0,641.0,3.0,186350
Acura,NSX,2021,3.5,573,476,2.7,"157,500",Combustion,3.5,573.0,476.0,2.7,157500
Aston Martin,DB11,2021,4,503,498,3.7,"205,600",Combustion,4.0,503.0,498.0,3.7,205600
Audi,RS7,2021,4,591,590,3.5,"114,000",Combustion,4.0,591.0,590.0,3.5,114000
Bentley,Continental GT,2021,6,626,664,3.6,"201,000",Combustion,6.0,626.0,664.0,3.6,201000
Bugatti,Chiron,2021,8,1500,1180,2.5,"3,000,000",Combustion,8.0,1500.0,1180.0,2.5,3000000
Chevrolet,Camaro ZL1,2022,6.2,650,650,3.5,"67,000",Combustion,6.2,650.0,650.0,3.5,67000
Dodge,Challenger Hellcat,2021,6.2,717,656,3.5,"64,000",Combustion,6.2,717.0,656.0,3.5,64000
Ferrari,812 Superfast,2021,6.5,789,530,2.8,"340,000",Combustion,6.5,789.0,530.0,2.8,340000
Lamborghini,Aventador SVJ,2021,6.5,770,531,2.8,"517,770",Combustion,6.5,770.0,531.0,2.8,517770
McLaren,600LT Spider,2021,3.8,592,457,2.8,"256,500",Combustion,3.8,592.0,457.0,2.8,256500
Mercedes-AMG,GT Black Series,2021,4,720,590,3.1,"325,000",Combustion,4.0,720.0,590.0,3.1,325000
Nissan,400Z,2023,3,400,350,4,"40,000",Combustion,3.0,400.0,350.0,4.0,40000
Porsche,Cayman GT4,2021,4,414,309,4.2,"101,000",Combustion,4.0,414.0,309.0,4.2,101000
Rimac,Nevera,2021,Electric,1914,1696,1.9,"2,400,000",Electric,,1914.0,1696.0,1.9,2400000
Rolls-Royce,Wraith,2021,6.8,624,605,4.4,"330,000",Combustion,6.8,624.0,605.0,4.4,330000
Tesla,Model S Plaid,2021,Electric,1020,,1.9,"139,990",Electric,,1020.0,,1.9,139990
Toyota,Supra,2021,3,382,368,3.9,"43,000",Combustion,3.0,382.0,368.0,3.9,43000
Porsche,718 Boxster,2021,2,300,280,4.9,"62,000",Combustion,2.0,300.0,280.0,4.9,62000
Porsche,718 Boxster,2022,2,300,280,4.9,"62,000",Combustion,2.0,300.0,280.0,4.9,62000
Lamborghini,Aventador S,2021,6.5,730,509,2.9,"417,826",Combustion,6.5,730.0,509.0,2.9,417826
Ferrari,SF90 Stradale,2022,4,986,590,2.5,"625,000",Combustion,4.0,986.0,590.0,2.5,625000
Audi,RS 7,2022,4,591,590,3.5,"114,000",Combustion,4.0,591.0,590.0,3.5,114000
McLaren,Artura,2021,3,671,531,3,"225,000",Combustion,3.0,671.0,531.0,3.0,225000
BMW,M2,2022,3,405,406,4.1,"58,900",Combustion,3.0,405.0,406.0,4.1,58900
Mercedes-Benz,SLS AMG,2015,6.2,583,479,3.6,"221,580",Combustion,6.2,583.0,479.0,3.6,221580
Chevrolet,Camaro ZL1,2021,6.2,650,650,3.5,"64,695",Combustion,6.2,650.0,650.0,3.5,64695
Ford,GT,2022,3.5,647,550,3,"500,000",Combustion,3.5,647.0,550.0,3.0,500000
Nissan,370Z Nismo,2021,3.7,350,276,4.8,"45,000",Combustion,3.7,350.0,276.0,4.8,45000
Dodge,Charger Hellcat,2021,6.2,707,650,3.6,"69,995",Combustion,6.2,707.0,650.0,3.6,69995
Aston Martin,DBS Superleggera,2021,5.2,715,663,3.2,"305,000",Combustion,5.2,715.0,663.0,3.2,305000
Alfa Romeo,Giulia Quadrifoglio,2021,2.9,505,443,3.8,"75,000",Combustion,2.9,505.0,443.0,3.8,75000
Audi,TT RS,2021,2.5,394,354,3.6,"68,000",Combustion,2.5,394.0,354.0,3.6,68000
Bentley,Continental GT,2021,6,626,664,3.6,"203,825",Combustion,6.0,626.0,664.0,3.6,203825
BMW,M5,2022,4.4,600,553,3.2,"103,500",Combustion,4.4,600.0,553.0,3.2,103500
Chevrolet,Corvette Stingray,2021,6.2,495,470,2.9,"58,900",Combustion,6.2,495.0,470.0,2.9,58900
Dodge,Challenger SRT Hellcat,2021,6.2,717,656,3.5,"63,000",Combustion,6.2,717.0,656.0,3.5,63000
Ford,Mustang GT,2022,5,460,420,4,"45,000",Combustion,5.0,460.0,420.0,4.0,45000
Porsche,Cayman,2022,2,300,280,4.9,"59,900",Combustion,2.0,300.0,280.0,4.9,59900
Lamborghini,Aventador,2021,6.5,770,531,2.8,"417,826",Combustion,6.5,770.0,531.0,2.8,417826
Ferrari,Roma,2022,3.9,612,560,3.3,"222,630",Combustion,3.9,612.0,560.0,3.3,222630
Audi,RS7,2022,4,591,590,3.5,"114,000",Combustion,4.0,591.0,590.0,3.5,114000
McLaren,570S,2021,3.8,562,443,2.7,"204,995",Combustion,3.8,562.0,443.0,2.7,204995
BMW,M4,2022,3,473,406,4.1,"71,800",Combustion,3.0,473.0,406.0,4.1,71800
Mercedes-Benz,SLS AMG,2021,6.2,622,468,3.5,"243,600",Combustion,6.2,622.0,468.0,3.5,243600
Chevrolet,Camaro SS,2021,6.2,455,455,4,"42,000",Combustion,6.2,455.0,455.0,4.0,42000
Ford,GT,2022,3.5,660,550,2.8,"500,000",Combustion,3.5,660.0,550.0,2.8,500000
Nissan,370Z Nismo,2021,3.7,350,276,5,"47,190",Combustion,3.7,350.0,276.0,5.0,47190
Porsche,Panamera,2022,2.9,325,331,5.4,"88,550",Combustion,2.9,325.0,331.0,5.4,88550
Lamborghini,Urus,2021,4,641,627,3.2,"218,000",Combustion,4.0,641.0,627.0,3.2,218000
Ferrari,SF90 Stradale,2021,4,986,590,2.5,"625,000",Combustion,4.0,986.0,590.0,2.5,625000
Audi,RS6,2022,4,591,590,3.5,"113,000",Combustion,4.0,591.0,590.0,3.5,113000
McLaren,Artura,2021,3,671,531,3,"225,000",Combustion,3.0,671.0,531.0,3.0,225000
BMW,M2,2022,3,405,406,4,"58,900",Combustion,3.0,405.0,406.0,4.0,58900
Mercedes-Benz,GT 63,2021,4,577,590,3.3,"161,200",Combustion,4.0,577.0,590.0,3.3,161200
Chevrolet,Camaro ZL1,2021,6.2,650,650,3.5,"63,000",Combustion,6.2,650.0,650.0,3.5,63000
Aston Martin,DBS Superleggera,2021,5.2,715,663,3.2,"310,000",Combustion,5.2,715.0,663.0,3.2,310000
Bugatti,Chiron,2022,8,1500,1180,2.4,"3,000,000",Combustion,8.0,1500.0,1180.0,2.4,3000000
Koenigsegg,Jesko,2021,5,1280,1106,2.5,"2,800,000",Combustion,5.0,1280.0,1106.0,2.5,2800000
Pagani,Huayra,2021,6,764,737,3,"2,600,000",Combustion,6.0,764.0,737.0,3.0,2600000
Rimac,C_Two,2022,,1914,1696,1.85,"2,400,000",Unknown,,1914.0,1696.0,1.85,2400000
McLaren,Senna,2021,4,789,590,2.7,"1,000,000",Combustion,4.0,789.0,590.0,2.7,1000000
Porsche,918 Spyder,2015,4.6,887,944,2.2,"1,800,000",Combustion,4.6,887.0,944.0,2.2,1800000
Ferrari,SF90 Stradale,2021,4,986,590,2.5,"625,000",Combustion,4.0,986.0,590.0,2.5,625000
Lamborghini,Aventador SVJ,2020,6.5,759,531,2.8,"517,000",Combustion,6.5,759.0,531.0,2.8,517000
Audi,RS 6 Avant,2021,4,591,590,3.5,"110,000",Combustion,4.0,591.0,590.0,3.5,110000
Bentley,Continental GT Speed,2022,6,650,664,3.5,"300,000",Combustion,6.0,650.0,664.0,3.5,300000
Chevrolet,Camaro ZL1,2021,6.2,650,650,3.5,"68,000",Combustion,6.2,650.0,650.0,3.5,68000
Dodge,Challenger SRT Hellcat,2021,6.2,717,656,3.5,"65,000",Combustion,6.2,717.0,656.0,3.5,65000
Ford,GT,2021,3.5,660,550,2.9,"500,000",Combustion,3.5,660.0,550.0,2.9,500000
Lexus,LC 500,2022,5,471,398,4.4,"92,000",Combustion,5.0,471.0,398.0,4.4,92000
Lotus,Evija,2022,,1972,1254,2.5,"2,700,000",Unknown,,1972.0,1254.0,2.5,2700000
Mercedes-AMG,GT Black Series,2021,4,720,590,3.1,"330,000",Combustion,4.0,720.0,590.0,3.1,330000
Aston Martin,DB11,2021,4,503,513,3.9,"205,000",Combustion,4.0,503.0,513.0,3.9,205000
Bentley,Continental GT,2022,4,542,568,3.9,"229,000",Combustion,4.0,542.0,568.0,3.9,229000
Jaguar,F-Type,2022,2,296,295,5.4,"62,750",Combustion,2.0,296.0,295.0,5.4,62750
Lotus,Evora GT,2021,3.5,416,317,3.8,"100,000",Combustion,3.5,416.0,317.0,3.8,100000
Maserati,GranTurismo,2021,4.7,454,384,4.7,"135,000",Combustion,4.7,454.0,384.0,4.7,135000
Porsche,Boxster,2022,2,300,280,4.9,"63,000",Combustion,2.0,300.0,280.0,4.9,63000
Alfa Romeo,4C,2020,1.8,237,258,4.2,"67,150",Combustion,1.8,237.0,258.0,4.2,67150
Chevrolet,Camaro,2022,6.2,455,455,4,"62,195",Combustion,6.2,455.0,455.0,4.0,62195
Dodge,Challenger,2022,3.6,305,268,6.4,"28,000",Combustion,3.6,305.0,268.0,6.4,28000
Ford,GT,2022,3.5,660,550,2.9,"500,000",Combustion,3.5,660.0,550.0,2.9,500000
Audi,RS7,2022,4,591,590,3.5,"115,045",Combustion,4.0,591.0,590.0,3.5,115045
BMW,M4,2022,3,473,406,4.1,"71,800",Combustion,3.0,473.0,406.0,4.1,71800
Lamborghini,Aventador,2021,6.5,729,507,2.9,"393,695",Combustion,6.5,729.0,507.0,2.9,393695
Mercedes-Benz,AMG C 63,2021,4,469,479,3.8,"69,900",Combustion,4.0,469.0,479.0,3.8,69900
Nissan,370Z,2021,3.7,350,276,5.3,"30,090",Combustion,3.7,350.0,276.0,5.3,30090
Porsche,Cayman,2022,2,300,280,4.9,"68,000",Combustion,2.0,300.0,280.0,4.9,68000
BMW,i8,2022,1.5,369,184,4.2,"147,500",Combustion,1.5,369.0,184.0,4.2,147500
Chevrolet,Corvette Stingray,2021,6.2,495,470,2.9,"58,900",Combustion,6.2,495.0,470.0,2.9,58900
Porsche,Taycan Turbo S,2022,Electric,750,774,2.6,"185,000",Electric,,750.0,774.0,2.6,185000
Lamborghini,Aventador S,2021,6.5,729,507,2.9,"417,650",Combustion,6.5,729.0,507.0,2.9,417650
Ferrari,SF90 Stradale,2022,4,986,590,2.5,"625,000",Combustion,4.0,986.0,590.0,2.5,625000
Audi,RS7,2022,4,591,590,3.5,"115,000",Combustion,4.0,591.0,590.0,3.5,115000
McLaren,GT,2022,4,620,465,3.1,"208,000",Combustion,4.0,620.0,465.0,3.1,208000
BMW,M5,2022,4.4,600,553,3.2,"103,500",Combustion,4.4,600.0,553.0,3.2,103500
Mercedes-Benz,SLS AMG,2021,4,730,590,2.9,"250,000",Combustion,4.0,730.0,590.0,2.9,250000
Chevrolet,Camaro ZL1,2021,6.2,650,650,3.5,"63,000",Combustion,6.2,650.0,650.0,3.5,63000
Ford,GT,2022,3.5,660,550,2.8,"500,000",Combustion,3.5,660.0,550.0,2.8,500000
Nissan,370Z Nismo,2021,3.7,350,276,5,"46,100",Combustion,3.7,350.0,276.0,5.0,46100
Porsche,Panamera Turbo S,2022,4,630,604,3.1,"180,000",Combustion,4.0,630.0,604.0,3.1,180000
Lamborghini,Urus,2021,4,641,627,3.2,"218,000",Combustion,4.0,641.0,627.0,3.2,218000
Ferrari,Portofino,2022,3.9,591,561,3.4,"250,000",Combustion,3.9,591.0,561.0,3.4,250000
Audi,TT RS,2022,2.5,394,354,3.6,"70,000",Combustion,2.5,394.0,354.0,3.6,70000
McLaren,570S,2021,3.8,562,443,3.1,"200,000",Combustion,3.8,562.0,443.0,3.1,200000
BMW,i8,2022,Hybrid,369,184,4.2,"148,500",Hybrid,,369.0,184.0,4.2,148500
Porsche,718 Cayman,2022,2,300,280,4.9,"61,500",Combustion,2.0,300.0,280.0,4.9,61500
Lamborghini,Aventador,2021,6.5,770,531,2.8,"417,826",Combustion,6.5,770.0,531.0,2.8,417826
Ferrari,Portofino,2022,3.9,612,561,3.3,"245,000",Combustion,3.9,612.0,561.0,3.3,245000
Audi,TT RS,2022,2.5,394,354,3.6,"67,800",Combustion,2.5,394.0,354.0,3.6,67800
McLaren,GT,2022,4,620,465,3.1,"211,300",Combustion,4.0,620.0,465.0,3.1,211300
BMW,M4,2022,3,473,406,4.1,"71,800",Combustion,3.0,473.0,406.0,4.1,71800
Mercedes-Benz,SLS AMG,2015,6.2,622,468,3.5,"222,500",Combustion,6.2,622.0,468.0,3.5,222500
Chevrolet,Camaro SS,2022,6.2,455,455,4,"43,995",Combustion,6.2,455.0,455.0,4.0,43995
Ford,GT,2022,3.5,660,550,2.9,"500,000",Combustion,3.5,660.0,550.0,2.9,500000
Nissan,370Z Nismo,2021,3.7,350,276,4.8,"45,790",Combustion,3.7,350.0,276.0,4.8,45790
Porsche,911 Turbo S,2022,3.8,640,590,2.6,"208,000",Combustion,3.8,640.0,590.0,2.6,208000
McLaren,765LT,2021,4,755,590,2.8,"358,000",Combustion,4.0,755.0,590.0,2.8,358000
Lamborghini,Urus,2021,4,641,627,3.6,"218,009",Combustion,4.0,641.0,627.0,3.6,218009
Mercedes-AMG,GT Black Series,2021,4,720,590,3.1,"325,000",Combustion,4.0,720.0,590.0,3.1,325000
BMW,M5 Competition,2022,4.4,617,553,3.1,"103,500",Combustion,4.4,617.0,553.0,3.1,103500
Audi,RS7,2022,4,591,590,3.5,"115,000",Combustion,4.0,591.0,590.0,3.5,115000
Aston Martin,Vantage,2022,4,503,505,3.5,"152,995",Combustion,4.0,503.0,505.0,3.5,152995
Ferrari,F8 Spider,2021,3.9,710,568,2.9,"274,280",Combustion,3.9,710.0,568.0,2.9,274280
Lexus,LC 500,2022,5,471,398,4.4,"102,550",Combustion,5.0,471.0,398.0,4.4,102550
Porsche,Taycan,2022,,469,479,3.8,"79,900",Unknown,,469.0,479.0,3.8,79900
Lamborghini,Aventador SVJ,2021,6.5,759,531,2.8,"517,770",Combustion,6.5,759.0,531.0,2.8,517770
Ferrari,SF90 Stradale,2021,4,986,590,2.5,"625,000",Combustion,4.0,986.0,590.0,2.5,625000
Audi,RS6 Avant,2021,4,591,590,3.5,"109,000",Combustion,4.0,591.0,590.0,3.5,109000
McLaren,600LT Spider,2021,3.8,592,457,2.8,"256,500",Combustion,3.8,592.0,457.0,2.8,256500
BMW,M4,2022,3,473,406,3.8,"71,800",Combustion,3.0,473.0,406.0,3.8,71800
Mercedes-Benz,AMG GT R,2021,4,577,516,3.5,"180,000",Combustion,4.0,577.0,516.0,3.5,180000
Chevrolet,Camaro ZL1,2021,6.2,650,650,3.5,"64,695",Combustion,6.2,650.0,650.0,3.5,64695
Ford,GT,2022,3.5,660,550,3,"500,000",Combustion,3.5,660.0,550.0,3.0,500000
Nissan,370Z Nismo,2021,3.7,350,276,5,"48,000",Combustion,3.7,350.0,276.0,5.0,48000
Porsche,Panamera Turbo S E-Hybrid,2021,4,690,642,3,"190,000",Combustion,4.0,690.0,642.0,3.0,190000
Lamborghini,Urus,2021,4,641,627,3.5,"218,000",Combustion,4.0,641.0,627.0,3.5,218000
Ferrari,Portofino M,2021,3.9,612,561,3.4,"235,000",Combustion,3.9,612.0,561.0,3.4,235000
Audi,TT RS,2022,2.5,394,354,3.6,"67,600",Combustion,2.5,394.0,354.0,3.6,67600
McLaren,Artura,2022,3,671,531,3,"225,000",Combustion,3.0,671.0,531.0,3.0,225000
BMW,M2 CS,2022,3,444,406,3.8,"84,595",Combustion,3.0,444.0,406.0,3.8,84595
Mercedes-Benz,SLS AMG Black Series,2021,6.2,622,468,3.5,"335,000",Combustion,6.2,622.0,468.0,3.5,335000
Chevrolet,Camaro SS,2021,6.2,455,455,4,"42,000",Combustion,6.2,455.0,455.0,4.0,42000
Porsche,718 Boxster,2022,2,300,280,4.9,"63,000",Combustion,2.0,300.0,280.0,4.9,63000
Lamborghini,Aventador SVJ,2020,6.5,759,531,2.8,"573,966",Combustion,6.5,759.0,531.0,2.8,573966
Ferrari,SF90 Stradale,2022,4,986,590,2.5,"625,000",Combustion,4.0,986.0,590.0,2.5,625000
Audi,TT RS Coupe,2022,2.5,394,354,3.5,"68,000",Combustion,2.5,394.0,354.0,3.5,68000
McLaren,GT,2020,4,612,465,3.1,"210,000",Combustion,4.0,612.0,465.0,3.1,210000
BMW,Z4 Roadster,2022,2,255,295,5.2,"50,000",Combustion,2.0,255.0,295.0,5.2,50000
Mercedes-Benz,SLS AMG,2015,6.2,622,468,3.6,"200,000",Combustion,6.2,622.0,468.0,3.6,200000
Chevrolet,Camaro SS Convertible,2022,6.2,455,455,4,"49,000",Combustion,6.2,455.0,455.0,4.0,49000
Ford,GT,2021,3.5,660,550,2.9,"500,000",Combustion,3.5,660.0,550.0,2.9,500000
Nissan,370Z Coupe,2020,3.7,332,270,5,"30,090",Combustion,3.7,332.0,270.0,5.0,30090
Aston Martin,Vantage,2021,4,503,505,3.6,"142,086",Combustion,4.0,503.0,505.0,3.6,142086
Bentley,Continental GT,2022,6,626,664,3.3,"225,000",Combustion,6.0,626.0,664.0,3.3,225000
Bugatti,Chiron,2021,8,1479,1180,2.4,"3,000,000",Combustion,8.0,1479.0,1180.0,2.4,3000000
Dodge,Challenger SRT Hellcat,2022,6.2,717,656,3.5,"68,000",Combustion,6.2,717.0,656.0,3.5,68000
Jaguar,F-Type,2022,2,296,295,5.4,"63,700",Combustion,2.0,296.0,295.0,5.4,63700
Lotus,Evora GT,2021,3.5,416,317,3.8,"100,000",Combustion,3.5,416.0,317.0,3.8,100000
Maserati,GranTurismo,2022,4.7,454,384,4.7,"150,980",Combustion,4.7,454.0,384.0,4.7,150980
Aston Martin,DBS Superleggera,2021,5.2,715,664,3.2,"304,995",Combustion,5.2,715.0,664.0,3.2,304995
Lotus,Evora GT,2021,3.5,416,317,3.8,"98,395",Combustion,3.5,416.0,317.0,3.8,98395
Porsche,Panamera Turbo S E-Hybrid,2021,4,689,642,3,"190,000",Combustion,4.0,689.0,642.0,3.0,190000
Lamborghini,Aventador SVJ,2021,6.5,759,531,2.8,"517,000",Combustion,6.5,759.0,531.0,2.8,517000
Ferrari,SF90 Stradale,2021,4,986,590,2.5,"625,000",Combustion,4.0,986.0,590.0,2.5,625000
Audi,RS7,2022,4,591,590,3.5,"117,000",Combustion,4.0,591.0,590.0,3.5,117000
Mercedes-Benz,S63 AMG,2021,4,603,664,3.4,"168,000",Combustion,4.0,603.0,664.0,3.4,168000
Chevrolet,Camaro ZL1,2021,6.2,650,650,3.5,"64,500",Combustion,6.2,650.0,650.0,3.5,64500
Ford,GT,2021,3.5,660,550,2.8,"500,000",Combustion,3.5,660.0,550.0,2.8,500000
Nissan,370Z Nismo,2021,3.7,350,276,4.7,"46,000",Combustion,3.7,350.0,276.0,4.7,46000
Porsche,718 Cayman GT4,2022,4,414,309,4.2,"102,000",Combustion,4.0,414.0,309.0,4.2,102000
Mercedes-AMG,C63 S Coupe,2021,4,503,516,3.7,"77,500",Combustion,4.0,503.0,516.0,3.7,77500
Aston Martin,Vantage,2021,4,503,505,3.5,"147,000",Combustion,4.0,503.0,505.0,3.5,147000
McLaren,570S,2021,3.8,562,443,3.1,"193,000",Combustion,3.8,562.0,443.0,3.1,193000
BMW,M5,2022,4.4,600,553,3.2,"103,500",Combustion,4.4,600.0,553.0,3.2,103500
Dodge,Challenger SRT Hellcat,2021,6.2,717,656,3.5,"64,000",Combustion,6.2,717.0,656.0,3.5,64000
Lexus,LC 500,2021,5,471,398,4.4,"92,950",Combustion,5.0,471.0,398.0,4.4,92950
Mercedes-AMG,GT 63 S,2021,4,630,664,3.1,"162,000",Combustion,4.0,630.0,664.0,3.1,162000
Audi,TT RS,2021,2.5,394,354,3.6,"67,600",Combustion,2.5,394.0,354.0,3.6,67600
Acura,NSX,2021,3.5,573,476,2.9,"157,500",Combustion,3.5,573.0,476.0,2.9,157500
Porsche,Cayman GT4,2021,4,414,309,4.2,"102,000",Combustion,4.0,414.0,309.0,4.2,102000
Lamborghini,Aventador S,2021,6.5,730,509,2.9,"417,826",Combustion,6.5,730.0,509.0,2.9,417826
Ferrari,SF90 Stradale,2021,4,986,590,2.5,"625,000",Combustion,4.0,986.0,590.0,2.5,625000
Audi,RS 5,2022,2.9,444,443,3.5,"76,700",Combustion,2.9,444.0,443.0,3.5,76700
McLaren,570S Spider,2020,3.8,562,443,3.1,"208,800",Combustion,3.8,562.0,443.0,3.1,208800
BMW,M2 Competition,2022,3,405,406,4.2,"58,900",Combustion,3.0,405.0,406.0,4.2,58900
Mercedes-Benz,C 63 AMG,2022,4,469,479,3.9,"69,000",Combustion,4.0,469.0,479.0,3.9,69000
Chevrolet,Camaro SS,2021,6.2,455,455,4,"42,000",Combustion,6.2,455.0,455.0,4.0,42000
Ford,Mustang GT,2022,5,460,420,4.5,"43,000",Combustion,5.0,460.0,420.0,4.5,43000
Dodge,Challenger R/T,2021,5.7,372,400,5.1,"35,000",Combustion,5.7,372.0,400.0,5.1,35000
Aston Martin,Vantage,2021,4,503,505,3.6,"151,000",Combustion,4.0,503.0,505.0,3.6,151000
Lotus,Evora GT,2021,3.5,416,317,3.8,"105,000",Combustion,3.5,416.0,317.0,3.8,105000
Alfa Romeo,4C Spider,2020,1.7,237,258,4.1,"69,000",Combustion,1.7,237.0,258.0,4.1,69000
Jaguar,F-Type,2022,2,296,295,5.4,"62,500",Combustion,2.0,296.0,295.0,5.4,62500
Tesla,Roadster,2022,Electric,1000,737,1.9,"200,000",Electric,,1000.0,737.0,1.9,200000
Koenigsegg,Jesko,2022,5,1600,1106,2.5,"3,000,000",Combustion,5.0,1600.0,1106.0,2.5,3000000
Bugatti,Chiron Super Sport 300+,2021,8,1578,1180,2.4,"5,200,000",Combustion,8.0,1578.0,1180.0,2.4,5200000
Rimac,Nevera,2021,Electric,1914,1696,1.85,"2,400,000",Electric,,1914.0,1696.0,1.85,2400000
Porsche,Cayman GT4,2022,4,414,309,4.2,"102,100",Combustion,4.0,414.0,309.0,4.2,102100
Chevrolet,Camaro ZL1,2022,6.2,650,650,3.5,"63,000",Combustion,6.2,650.0,650.0,3.5,63000
Aston Martin,Vantage,2021,4,503,505,3.5,"142,086",Combustion,4.0,503.0,505.0,3.5,142086
Alfa Romeo,Giulia Quadrifoglio,2022,2.9,505,443,3.8,"83,250",Combustion,2.9,505.0,443.0,3.8,83250
Dodge,Challenger SRT Hellcat,2021,6.2,717,656,3.5,"65,000",Combustion,6.2,717.0,656.0,3.5,65000
Lexus,LC 500,2022,5,471,398,4.4,"93,050",Combustion,5.0,471.0,398.0,4.4,93050
Audi,RS 7 Sportback,2021,4,591,590,3.5,"114,000",Combustion,4.0,591.0,590.0,3.5,114000
BMW,M4 Competition,2022,3,503,479,3.8,"74,700",Combustion,3.0,503.0,479.0,3.8,74700
Mercedes-Benz,C63 S AMG,2022,4,503,516,3.9,"77,600",Combustion,4.0,503.0,516.0,3.9,77600
Ford,GT,2022,3.5,660,550,2.9,"500,000",Combustion,3.5,660.0,550.0,2.9,500000
McLaren,GT,2021,4,620,465,3.1,"210,000",Combustion,4.0,620.0,465.0,3.1,210000
Porsche,Panamera Turbo S,2022,4,630,604,2.9,"181,100",Combustion,4.0,630.0,604.0,2.9,181100
Lamborghini,Aventador S,2021,6.5,730,507,2.9,"417,826",Combustion,6.5,730.0,507.0,2.9,417826
Aston Martin,DBS Superleggera,2022,5.2,715,664,3.2,"329,100",Combustion,5.2,715.0,664.0,3.2,329100
Audi,TT RS,2022,2.5,394,354,3.6,"67,600",Combustion,2.5,394.0,354.0,3.6,67600
Mercedes-Benz,AMG C43 Coupe,2021,3,385,384,4.5,"59,900",Combustion,3.0,385.0,384.0,4.5,59900
BMW,i8,2022,1.5,369,184,4.2,"147,500",Combustion,1.5,369.0,184.0,4.2,147500
Chevrolet,Corvette Stingray,2021,6.2,490,465,2.9,"59,900",Combustion,6.2,490.0,465.0,2.9,59900
Porsche,Taycan,2022,2.0 (Electric),469,263,3.8,"81,250",Electric,,469.0,263.0,3.8,81250
Lamborghini,Aventador,2021,6.5,730,509,2.9,"517,000",Combustion,6.5,730.0,509.0,2.9,517000
Ferrari,Roma,2021,3.9,611,560,3.3,"222,620",Combustion,3.9,611.0,560.0,3.3,222620
Audi,RS7,2022,4,591,590,3.5,"115,000",Combustion,4.0,591.0,590.0,3.5,115000
McLaren,GT,2021,4,612,465,3.1,"210,000",Combustion,4.0,612.0,465.0,3.1,210000
BMW,M2,2022,3,405,406,4.2,"58,900",Combustion,3.0,405.0,406.0,4.2,58900
Mercedes-Benz,C63 AMG,2021,4,469,479,3.9,"77,000",Combustion,4.0,469.0,479.0,3.9,77000
Chevrolet,Camaro SS,2021,6.2,455,455,4.1,"43,995",Combustion,6.2,455.0,455.0,4.1,43995
Ford,Mustang Mach 1,2021,5,480,420,4.1,"51,720",Combustion,5.0,480.0,420.0,4.1,51720
Nissan,370Z Nismo,2021,3.7,350,276,4.8,"46,610",Combustion,3.7,350.0,276.0,4.8,46610
Porsche,Panamera,2022,2.9,325,331,5.3,"88,550",Combustion,2.9,325.0,331.0,5.3,88550
Lamborghini,Urus,2021,4,641,627,3.6,"218,009",Combustion,4.0,641.0,627.0,3.6,218009
Ferrari,SF90 Stradale,2021,4.0 (Hybrid),986,590,2.5,"625,000",Hybrid,4.0,986.0,590.0,2.5,625000
Audi,RS6,2022,4,591,590,3.5,"120,000",Combustion,4.0,591.0,590.0,3.5,120000
McLaren,570S,2021,3.8,562,443,3.1,"192,500",Combustion,3.8,562.0,443.0,3.1,192500
BMW,M4,2022,3,503,479,3.8,"74,000",Combustion,3.0,503.0,479.0,3.8,74000
Mercedes-Benz,AMG A45,2021,2,382,354,4,"50,000",Combustion,2.0,382.0,354.0,4.0,50000
Chevrolet,Camaro ZL1,2021,6.2,650,650,3.5,"63,995",Combustion,6.2,650.0,650.0,3.5,63995
Acura,NSX,2021,3.5,573,476,2.7,"157,500",Combustion,3.5,573.0,476.0,2.7,157500
Aston Martin,Vantage,2021,4,503,505,3.5,"142,086",Combustion,4.0,503.0,505.0,3.5,142086
Bentley,Continental GT,2021,4,542,568,3.3,"202,500",Combustion,4.0,542.0,568.0,3.3,202500
Bugatti,Chiron,2022,8,1479,1180,2.4,"2,900,000",Combustion,8.0,1479.0,1180.0,2.4,2900000
Ferrari,F8 Tributo,2022,3.9,710,568,2.8,"275,000",Combustion,3.9,710.0,568.0,2.8,275000
Lamborghini,Aventador,2021,6.5,730,509,2.9,"517,000",Combustion,6.5,730.0,509.0,2.9,517000
McLaren,GT,2021,4,612,465,3.1,"201,500",Combustion,4.0,612.0,465.0,3.1,201500
Mercedes-Benz,AMG GT R,2021,4,577,516,3.5,"183,000",Combustion,4.0,577.0,516.0,3.5,183000
Porsche,Taycan Turbo S,2021,Electric,750,774,2.6,"185,000",Electric,,750.0,774.0,2.6,185000
Audi,RS7,2021,4,591,590,3.5,"114,000",Combustion,4.0,591.0,590.0,3.5,114000
BMW,M4,2021,3,473,406,4.1,"71,800",Combustion,3.0,473.0,406.0,4.1,71800
Chevrolet,Camaro ZL1,2021,6.2,650,650,3.5,"63,000",Combustion,6.2,650.0,650.0,3.5,63000
Dodge,Challenger SRT Hellcat Redeye,2022,6.2,797,707,3.5,"80,190",Combustion,6.2,797.0,707.0,3.5,80190
Ford,GT,2022,3.5,660,550,2.8,"500,000",Combustion,3.5,660.0,550.0,2.8,500000
Jaguar,F-Type,2021,3,380,339,4.4,"62,750",Combustion,3.0,380.0,339.0,4.4,62750
Lexus,LC 500,2021,5,471,398,4.4,"92,000",Combustion,5.0,471.0,398.0,4.4,92000
Lotus,Evija,2021,Electric,2000,1254,2.8,"2,800,000",Electric,,2000.0,1254.0,2.8,2800000
Maserati,GranTurismo,2021,Electric,550,,2.8,"200,000",Electric,,550.0,,2.8,200000
Nissan,370Z,2021,3.7,332,270,5,"30,090",Combustion,3.7,332.0,270.0,5.0,30090
Rolls-Royce,Ghost,2021,6.8,563,627,4.6,"332,500",Combustion,6.8,563.0,627.0,4.6,332500
Porsche,Taycan,2021,2,402,254,5.1,"81,250",Combustion,2.0,402.0,254.0,5.1,81250
Aston Martin,DB11,2021,4,630,516,3.7,"198,995",Combustion,4.0,630.0,516.0,3.7,198995
Lotus,Evora GT,2021,3.5,416,317,3.8,"105,000",Combustion,3.5,416.0,317.0,3.8,105000
Acura,NSX,2022,3.5,573,476,2.7,"157,500",Combustion,3.5,573.0,476.0,2.7,157500
Tesla,Roadster,2022,0,"10,000","7,376",1.9,"200,000",Electric,,,,1.9,200000
Chevrolet,Camaro,2022,6.2,455,455,4,"25,000",Combustion,6.2,455.0,455.0,4.0,25000
Dodge,Charger,2021,6.2,797,707,3.3,"72,000",Combustion,6.2,797.0,707.0,3.3,72000
Jaguar,F-Type,2021,3,380,339,4.9,"62,750",Combustion,3.0,380.0,339.0,4.9,62750
Lexus,LC 500,2021,5,471,398,4.4,"93,000",Combustion,5.0,471.0,398.0,4.4,93000
BMW,M4,2022,3,473,406,4.1,"71,800",Combustion,3.0,473.0,406.0,4.1,71800
Ford,GT,2021,3.5,660,550,2.9,"500,000",Combustion,3.5,660.0,550.0,2.9,500000
Maserati,GranTurismo,2021,4.7,454,384,4.7,"150,980",Combustion,4.7,454.0,384.0,4.7,150980
McLaren,600LT,2021,3.8,592,457,2.8,"256,500",Combustion,3.8,592.0,457.0,2.8,256500
Mercedes-Benz,SLS AMG,2021,6.2,622,468,3.6,"254,995",Combustion,6.2,622.0,468.0,3.6,254995
Nissan,370Z,2021,3.7,332,270,5.2,"30,000",Combustion,3.7,332.0,270.0,5.2,30000
Audi,RS 7,2021,4,591,590,3.4,"114,000",Combustion,4.0,591.0,590.0,3.4,114000
Bentley,Continental GT,2021,4,542,568,3.9,"220,000",Combustion,4.0,542.0,568.0,3.9,220000
Bugatti,Chiron,2021,8,"1,500","1,180",2.4,"3,000,000",Combustion,8.0,1500.0,1180.0,2.4,3000000
Porsche,Cayman,2022,2,300,280,4.5,"59,900",Combustion,2.0,300.0,280.0,4.5,59900
Aston Martin,Vantage,2021,4,503,505,3.5,"147,000",Combustion,4.0,503.0,505.0,3.5,147000
Alfa Romeo,4C Spider,2020,1.7,237,258,4.1,"67,150",Combustion,1.7,237.0,258.0,4.1,67150
Audi,RS 5,2022,2.9,444,443,3.5,"75,100",Combustion,2.9,444.0,443.0,3.5,75100
BMW,M2,2022,3,405,406,4,"58,900",Combustion,3.0,405.0,406.0,4.0,58900
Dodge,Challenger SRT Hellcat,2021,6.2,717,656,3.5,"60,695",Combustion,6.2,717.0,656.0,3.5,60695
Ferrari,F8 Spider,2022,3.9,710,568,2.9,"274,390",Combustion,3.9,710.0,568.0,2.9,274390
Jaguar,F-Type,2021,3,296,295,5.4,"64,700",Combustion,3.0,296.0,295.0,5.4,64700
Lamborghini,Aventador,2021,6.5,759,531,2.9,"517,770",Combustion,6.5,759.0,531.0,2.9,517770
Lexus,LC 500,2022,5,471,398,4.4,"92,950",Combustion,5.0,471.0,398.0,4.4,92950
Lotus,Evora GT,2021,3.5,416,317,3.8,"99,990",Combustion,3.5,416.0,317.0,3.8,99990
Maserati,GranTurismo,2021,4.7,454,384,4.7,"150,800",Combustion,4.7,454.0,384.0,4.7,150800
McLaren,GT,2021,4,612,465,3.1,"210,000",Combustion,4.0,612.0,465.0,3.1,210000
Mercedes-Benz,AMG C 63,2021,4,469,479,3.8,"67,600",Combustion,4.0,469.0,479.0,3.8,67600
Nissan,370Z Nismo,2021,3.7,350,276,4.5,"45,790",Combustion,3.7,350.0,276.0,4.5,45790
Porsche,Panamera,2022,2.9,325,331,5.3,"88,800",Combustion,2.9,325.0,331.0,5.3,88800
Subaru,WRX STI,2021,2.5,310,290,5.2,"38,170",Combustion,2.5,310.0,290.0,5.2,38170
Tesla,Roadster,2022,,"10,000+",,1.9,"200,000",Unknown,,,,1.9,200000
Porsche,718 Cayman,2022,2,300,280,4.9,"61,500",Combustion,2.0,300.0,280.0,4.9,61500
Lamborghini,Aventador,2021,6.5,729,509,2.9,"393,695",Combustion,6.5,729.0,509.0,2.9,393695
Ferrari,SF90 Stradale,2022,4,986,590,2.5,"625,000",Combustion,4.0,986.0,590.0,2.5,625000
Audi,RS5 Coupe,2022,2.9,444,443,3.5,"76,350",Combustion,2.9,444.0,443.0,3.5,76350
McLaren,570S,2021,3.8,562,443,3.1,"202,000",Combustion,3.8,562.0,443.0,3.1,202000
BMW,M2,2022,3,405,406,4,"58,900",Combustion,3.0,405.0,406.0,4.0,58900
Mercedes-Benz,SL,2022,3,429,384,4.4,"96,000",Combustion,3.0,429.0,384.0,4.4,96000
Chevrolet,Camaro,2021,6.2,455,455,4,"25,000",Combustion,6.2,455.0,455.0,4.0,25000
Ford,GT,2022,3.5,660,550,2.8,"500,000",Combustion,3.5,660.0,550.0,2.8,500000
Nissan,370Z,2021,3.7,332,270,5.3,"33,000",Combustion,3.7,332.0,270.0,5.3,33000
Alfa Romeo,Giulia Quadrifoglio,2021,2.9,505,443,3.8,"75,250",Combustion,2.9,505.0,443.0,3.8,75250
Aston Martin,DB11,2022,4,630,516,3.7,"201,495",Combustion,4.0,630.0,516.0,3.7,201495
Bentley,Continental GT,2021,6,626,664,3.3,"201,000",Combustion,6.0,626.0,664.0,3.3,201000
Dodge,Challenger,2021,6.4,485,475,3.8,"62,000",Combustion,6.4,485.0,475.0,3.8,62000
Jaguar,F-Type R,2022,5,575,516,3.5,"103,200",Combustion,5.0,575.0,516.0,3.5,103200
Lexus,LC 500,2022,5,471,398,4.4,"92,950",Combustion,5.0,471.0,398.0,4.4,92950
Lotus,Evora GT,2021,3.5,416,317,3.8,"99,000",Combustion,3.5,416.0,317.0,3.8,99000
Maserati,GranTurismo,2021,4.7,454,384,4.7,"150,000",Combustion,4.7,454.0,384.0,4.7,150000
Porsche,Cayman GT4,2021,4,414,309,4.2,"102,500",Combustion,4.0,414.0,309.0,4.2,102500
Aston Martin,Vantage,2022,4,503,505,3.5,"149,995",Combustion,4.0,503.0,505.0,3.5,149995
Dodge,Charger SRT Hellcat,2022,6.2,717,650,3.5,"78,595",Combustion,6.2,717.0,650.0,3.5,78595
Audi,RS 7,2021,4,591,590,3.5,"114,000",Combustion,4.0,591.0,590.0,3.5,114000
Chevrolet,Camaro SS,2022,6.2,455,455,4.1,"37,500",Combustion,6.2,455.0,455.0,4.1,37500
Ford,Mustang GT,2022,5,460,420,4,"38,500",Combustion,5.0,460.0,420.0,4.0,38500
Jaguar,F-Type R,2022,5,575,516,3.5,"103,200",Combustion,5.0,575.0,516.0,3.5,103200
Lexus,LC 500,2022,5,471,398,4.4,"92,950",Combustion,5.0,471.0,398.0,4.4,92950
McLaren,570S,2021,3.8,562,443,3.1,"208,800",Combustion,3.8,562.0,443.0,3.1,208800
Mercedes-Benz,AMG C63,2022,4,469,479,3.8,"71,450",Combustion,4.0,469.0,479.0,3.8,71450
Nissan,370Z Nismo,2021,3.7,350,276,4.9,"47,820",Combustion,3.7,350.0,276.0,4.9,47820
Porsche,Panamera GTS,2021,4,473,457,3.9,"134,150",Combustion,4.0,473.0,457.0,3.9,134150
Audi,TT RS,2022,2.5,394,354,3.6,"67,600",Combustion,2.5,394.0,354.0,3.6,67600
BMW,M4,2021,3,473,406,3.8,"71,800",Combustion,3.0,473.0,406.0,3.8,71800
Ferrari,F8 Tributo,2021,3.9,710,568,2.8,"274,280",Combustion,3.9,710.0,568.0,2.8,274280
Lamborghini,Aventador,2021,6.5,770,531,2.9,"393,695",Combustion,6.5,770.0,531.0,2.9,393695
McLaren,GT,2021,4,612,465,3.1,"250,000",Combustion,4.0,612.0,465.0,3.1,250000
Mercedes-Benz,AMG GT 4-Door Coupe,2021,4,630,664,3.1,"171,200",Combustion,4.0,630.0,664.0,3.1,171200
Aston Martin,DBS Superleggera,2022,5.2,715,663,3.4,"321,000",Combustion,5.2,715.0,663.0,3.4,321000
Lotus,Evora GT,2021,3.5,416,317,3.8,"100,500",Combustion,3.5,416.0,317.0,3.8,100500
Porsche,Taycan Turbo S,2021,Electric,750,774,2.6,"185,000",Electric,,750.0,774.0,2.6,185000
McLaren,570S,2021,3.8,562,443,3.1,"195,000",Combustion,3.8,562.0,443.0,3.1,195000
Lamborghini,Aventador SVJ,2021,6.5,759,531,2.8,"517,770",Combustion,6.5,759.0,531.0,2.8,517770
Ford,GT,2021,3.5,660,550,3,"500,000",Combustion,3.5,660.0,550.0,3.0,500000
Audi,RS7 Sportback,2022,4,591,590,3.5,"114,000",Combustion,4.0,591.0,590.0,3.5,114000
BMW,M4,2022,3,473,406,4.1,"72,800",Combustion,3.0,473.0,406.0,4.1,72800
Mercedes-AMG,C63 S,2022,4,503,516,3.7,"78,100",Combustion,4.0,503.0,516.0,3.7,78100
Chevrolet,Camaro ZL1,2021,6.2,650,650,3.5,"63,000",Combustion,6.2,650.0,650.0,3.5,63000
Dodge,Charger Hellcat,2021,6.2,717,650,3.6,"70,000",Combustion,6.2,717.0,650.0,3.6,70000
Alfa Romeo,Giulia Quadrifoglio,2021,2.9,505,443,3.8,"78,450",Combustion,2.9,505.0,443.0,3.8,78450
Tesla,Model S Plaid,2022,Electric,"1,020","1,050",1.9,"141,190",Electric,,1020.0,1050.0,1.9,141190
Ferrari,SF90 Stradale,2021,4,986,590,2.5,"625,000",Combustion,4.0,986.0,590.0,2.5,625000
Porsche,Panamera Turbo S E-Hybrid,2021,Hybrid,689,642,3,"190,000",Hybrid,,689.0,642.0,3.0,190000
McLaren,Artura,2022,3,671,531,3,"225,000",Combustion,3.0,671.0,531.0,3.0,225000
Lamborghini,Urus,2021,4,641,627,3.6,"222,000",Combustion,4.0,641.0,627.0,3.6,222000
Ford,Mustang Mach 1,2021,5,480,420,4,"52,915",Combustion,5.0,480.0,420.0,4.0,52915
Porsche,911,2022,3,379,331,4,"101,200",Combustion,3.0,379.0,331.0,4.0,101200
Lamborghini,Huracan,2021,5.2,630,443,2.8,"274,390",Combustion,5.2,630.0,443.0,2.8,274390
Ferrari,488 GTB,2022,3.9,661,561,3,"333,750",Combustion,3.9,661.0,561.0,3.0,333750
Audi,R8,2022,5.2,562,406,3.2,"142,700",Combustion,5.2,562.0,406.0,3.2,142700
McLaren,720S,2021,4,710,568,2.7,"298,000",Combustion,4.0,710.0,568.0,2.7,298000
BMW,M8,2022,4.4,617,553,3.1,"130,000",Combustion,4.4,617.0,553.0,3.1,130000
Mercedes-Benz,AMG GT,2021,4,523,494,3.8,"118,500",Combustion,4.0,523.0,494.0,3.8,118500
Chevrolet,Corvette,2021,6.2,490,465,2.8,"59,900",Combustion,6.2,490.0,465.0,2.8,59900
Ford,Mustang Shelby GT500,2022,5.2,760,625,3.5,"81,000",Combustion,5.2,760.0,625.0,3.5,81000
Nissan,GT-R Nismo,2021,3.8,600,481,2.5,"212,000",Combustion,3.8,600.0,481.0,2.5,212000
Dodge,Challenger SRT Hellcat,2021,6.2,717,656,3.5,"64,195",Combustion,6.2,717.0,656.0,3.5,64195
Aston Martin,Vantage,2021,4,503,505,3.6,"147,000",Combustion,4.0,503.0,505.0,3.6,147000
Bugatti,Chiron,2022,8,1500,1180,2.5,"3,900,000",Combustion,8.0,1500.0,1180.0,2.5,3900000
Koenigsegg,Jesko,2022,5,1280,1015,2.5,"3,000,000",Combustion,5.0,1280.0,1015.0,2.5,3000000
Pagani,Huayra,2021,6,764,740,2.8,"2,600,000",Combustion,6.0,764.0,740.0,2.8,2600000
Rimac,Nevera,2022,Electric,1914,1696,1.85,"2,400,000",Electric,,1914.0,1696.0,1.85,2400000
Lotus,Evija,2022,Electric,1973,1254,2.5,"2,000,000",Electric,,1973.0,1254.0,2.5,2000000
Pininfarina,Battista,2021,Electric,1872,1696,1.9,"2,500,000",Electric,,1872.0,1696.0,1.9,2500000
Maserati,MC20,2021,3,621,538,2.9,"210,000",Combustion,3.0,621.0,538.0,2.9,210000
Porsche,Cayman,2021,2,300,280,5.1,"59,900",Combustion,2.0,300.0,280.0,5.1,59900
Lamborghini,Aventador,2021,6.5,730,509,2.9,"393,695",Combustion,6.5,730.0,509.0,2.9,393695
Ferrari,SF90 Stradale,2021,4,986,590,2.5,"625,000",Combustion,4.0,986.0,590.0,2.5,625000
Audi,RS 5,2021,2.9,444,443,3.5,"75,100",Combustion,2.9,444.0,443.0,3.5,75100
McLaren,GT,2022,4,612,465,3.1,"210,000",Combustion,4.0,612.0,465.0,3.1,210000
BMW,M2,2021,3,405,406,4,"58,900",Combustion,3.0,405.0,406.0,4.0,58900
Mercedes-Benz,SLS AMG,2021,6.3,622,468,3.6,"254,500",Combustion,6.3,622.0,468.0,3.6,254500
Chevrolet,Camaro,2021,6.2,455,455,4,"25,000",Combustion,6.2,455.0,455.0,4.0,25000
Ford,Mustang,2021,2.3,310,350,5.3,"27,205",Combustion,2.3,310.0,350.0,5.3,27205
Nissan,370Z,2021,3.7,332,270,5.1,"30,090",Combustion,3.7,332.0,270.0,5.1,30090
Aston Martin,Vantage,2021,4,503,505,3.6,"146,000",Combustion,4.0,503.0,505.0,3.6,146000
Bugatti,Chiron,2021,8,1479,1180,2.4,"3,000,000",Combustion,8.0,1479.0,1180.0,2.4,3000000
Koenigsegg,Jesko,2022,5,1280,1106,2.5,"3,000,000",Combustion,5.0,1280.0,1106.0,2.5,3000000
Lotus,Evija,2021,Electric Motor,1972,1254,2,"2,000,000",Electric,,1972.0,1254.0,2.0,2000000
McLaren,Senna,2021,4,789,590,2.7,"1,000,000",Combustion,4.0,789.0,590.0,2.7,1000000
Pagani,Huayra,2021,6,764,738,3,"2,600,000",Combustion,6.0,764.0,738.0,3.0,2600000
Rimac,Nevera,2021,Electric Motor,1888,1696,1.85,"2,400,000",Electric,,1888.0,1696.0,1.85,2400000
